-0.06376115,0.45646897,-0.0056356722,0.055227783,-0.042818498,0.0387999,0.041379895,0.0071384367,-0.06856963,-0.22568975,0.106619984,0.032245763,-0.23646158,-0.21149068,0.18522523,0.013310895,0.03403677,0.2726876,0.10570901,-0.006703622,0.14750122,0.03860733,0.13392857,0.07688936,0.23988423,-0.13240193,0.27525157,0.13310295,0.27103773,0.0011753687,0.34825066,0.05291131,0.062736586,0.19446504,-0.02221762,0.039580096,-0.094983995,-0.09370634,0.086298615,-0.025405236,0.36373895,0.0014804079,-0.2030754,0.33586693,-0.13974258,0.1330267,0.10768802,0.22105873,0.0056472197,-0.028169245,-0.10228767,-0.15331225,0.08381482,-0.2673255,-0.12635705,-0.040685352,0.005294629,0.0045875562,0.31188,0.08127901,-0.02479313,-0.2805029,0.30324024,-0.14663063
-0.97278696,1.7129799,-1.3206352,-1.2573502,5.432666,1.3608875,1.3721455,0.083341636,0.30361056,-0.25291678,-0.90599984,-2.488312,-0.8797827,-0.5731661,-3.7752573,0.5528684,-1.5959805,0.382913,-0.8625837,-1.5357122,1.6606143,-1.8966472,0.4600666,0.42871276,-0.21022594,2.247253,-1.0874952,1.1054559,1.0420905,-0.1880266,0.48060727,-0.09922905,0.77942497,-0.4555719,0.68469703,-2.7279162,-0.16556185,0.29014972,2.1196516,0.49069965,-1.9266808,3.4515605,-2.3783963,-2.1242063,-1.7801946,2.3872607,1.5787691,0.973179,0.7531517,-0.39462313,-0.89857125,-1.2835232,-5.0419965,1.4614611,-2.494762,1.2739685,0.38785174,1.5422752,-1.1813484,0.86609536,0.46494234,1.2803174,3.0219128,0.951558
0.21181251,0.18723412,1.1447945,-0.6177513,-0.2614775,1.2111046,0.94775736,0.1817365,-0.8938249,0.6939192,-0.47528467,0.1993316,0.06828245,1.3997189,-1.7051208,-0.091904566,-0.3318252,1.0998862,0.29352883,0.0027175667,-0.7452433,-1.7353404,-1.1129236,-1.2556531,1.8395962,0.07571513,0.8487432,-0.08466427,-1.537518,-0.30327296,1.0560651,0.74798965,0.10270611,1.39701,1.2254047,1.0100043,-0.05049305,-1.7644907,-0.15211721,0.009599202,0.8061649,-0.033439387,-0.5178248,-0.5121361,1.5971305,0.79417944,-0.72088885,-0.85713756,0.91292596,0.20811339,1.1792258,-1.0197965,-0.7648467,0.5474927,-2.8864143,1.1028079,1.7727911,2.220107,0.17027129,2.5546956,-0.2382706,2.2641068,0.7333997,1.1084306
0.82639676,0.21631086,-0.99591357,0.4664638,1.9730424,-0.50139004,-0.1146793,-0.12718658,-0.45434192,-1.1382533,1.5894569,-0.1972472,1.3423141,1.7521161,-0.80552065,2.1484544,0.23615834,1.3459778,2.0622458,0.9643023,-1.2137364,0.08006857,-0.22363792,2.6935594,1.3405933,-0.094774865,-1.1815047,1.5179371,-1.0369871,0.035660952,3.6054082,0.86121947,0.017886708,0.51940686,1.2617416,-4.361849,-2.3932638,-1.4964952,-2.340314,-0.19031867,1.1317009,3.5004058,0.7569352,-0.718158,-0.0829439,2.3011518,-1.256638,0.3416425,-1.627542,-0.3586473,-1.1472913,-0.7007196,-0.42338952,1.1474226,-1.1869384,1.5520278,-1.7416712,-1.304286,-2.2767384,0.31115738,-0.3315863,3.0855355,3.8308625,0.5775969
0.99418485,0.62738466,0.426194,-0.14122973,1.0481341,-0.15891722,0.74637693,-0.21384692,0.331168,0.18055649,-1.3046491,-0.535937,0.6613184,-0.5869925,-0.06197739,1.537893,0.95808065,0.050119016,0.72753763,-0.69254947,0.5081016,-0.96017313,-1.5496866,0.8754318,-0.6609791,1.0930246,-1.4186177,-0.39483413,-0.00847445,-0.015443317,1.3481286,0.45790088,0.69374704,-0.8982167,-0.5306849,-1.265202,0.0051372983,-1.5306625,-0.59467494,0.8348989,1.4768702,-0.7912762,-0.82699496,0.014323749,0.03391537,-0.5868534,0.22848676,-1.1584635,0.50796926,0.21541761,-1.2403581,-1.1768581,-1.1520833,1.2747601,-0.8375208,-1.5117435,-1.2320408,0.41731173,-0.2848406,1.4021689,-1.2205285,0.38819,0.23588763,0.005909054
0.9731427,-1.3594098,-0.33858174,0.25948334,2.5547173,-1.2450616,0.80002683,0.9519599,0.8155361,-2.1656952,-0.8064179,0.32078916,-1.0582042,0.5736953,-3.975302,1.9212682,1.4975336,0.69488084,0.45036477,-0.035521742,0.6764903,0.2692283,1.2414584,1.4710889,0.25162476,-2.0910325,-0.3935531,-0.94637024,-0.47833925,1.170565,0.707106,0.81524664,-0.8190257,0.47518206,0.2807449,-0.61978203,-0.5351148,-0.08097335,-1.0425234,2.3992083,0.6246014,-2.2132063,-0.778036,-1.7766984,-1.4441143,1.4490362,-0.7118071,-0.06387944,-0.2697638,3.3491132,-0.26400113,-0.06519707,-2.3820167,0.44673654,-1.357005,-0.07942388,-2.3995888,-0.4978273,1.8680558,1.1968758,1.3760037,1.0165609,0.58764243,0.7366675
0.77441233,1.3504556,-1.9421414,0.76491725,1.6235728,-0.32017633,3.5254064,-0.7815031,0.08585026,-0.9852485,-1.915304,2.341486,-0.8890905,1.1622838,-1.5752616,-0.53564256,1.0526539,0.66687405,-0.7037067,1.0275495,1.2935568,-1.4571085,-3.1736703,1.488554,1.0070597,-0.65045595,-0.8664701,-1.1866266,-2.2679524,2.1739473,-0.5983262,0.5578108,-1.7479727,0.055749245,-0.18307391,-2.8687155,-2.7951436,-1.5836369,2.1263716,0.16453001,0.36946902,1.6286062,-1.3954725,1.0404247,-3.330139,-0.12449134,1.8883141,1.064425,-1.5234369,0.46426573,0.17517143,-0.052442156,-0.20226495,2.0641475,-2.32599,1.7123089,-1.4860504,0.7150137,0.38854516,0.39711973,-1.8442069,1.0931091,0.26794368,-0.26359057
0.496817,-0.56176776,-2.4676235,-0.6194733,4.3248053,0.49626917,-0.24597825,0.053729415,-0.48729116,-0.79259205,0.33484808,0.7891574,-1.3198026,1.7238501,-1.1339601,0.97050303,0.5734709,0.52598244,0.21959056,-2.2693765,0.9142031,0.22299777,-2.1531215,-0.26702264,0.64756006,0.569273,-1.7401148,0.9330083,-1.766904,0.24249588,1.413494,-0.24512552,0.79840344,-0.6452046,-0.4630086,-0.6541978,-0.020644559,-1.4342669,2.710017,0.9825709,1.0127819,-0.4988693,-0.5772026,1.8385054,-0.05353067,0.57577974,-2.3087537,0.15434253,1.2229886,-1.6807324,-0.9710944,-2.4499493,0.6043084,0.60534215,1.5935467,0.85360026,-1.3749051,0.44614083,2.3986335,0.941355,0.372889,0.992264,1.0232669,2.2899306
0.09947807,0.030911468,-0.32615706,0.40288875,-0.053371865,0.39440778,0.22356553,0.49001595,-0.15484348,-0.09165161,-0.29477924,0.024686595,0.012663391,0.51350915,-0.30689973,0.19758932,0.3488658,0.25112087,-0.28342763,-0.016222093,0.028226826,0.21052562,-0.04370263,-0.31068373,-0.030512745,-0.008305191,-0.27888718,0.082108214,0.12943871,0.15849766,-0.06532894,-0.052258328,0.33587357,-0.17554258,0.29381046,-0.2423627,-0.14217456,-0.28590128,0.5043453,0.045597617,-0.08074088,-0.035383034,0.07028329,-0.21111748,0.031140963,0.72350633,-0.15516122,0.04507983,-0.14936246,0.12248965,-0.14850348,-0.037208192,0.14019932,-0.527272,-0.5510238,-0.051433455,-0.18806243,0.4031644,-0.20395206,-0.27589893,0.017665133,0.1273309,-0.039356936,0.12882534
1.8072634,0.7379782,0.9631372,1.5976688,1.749473,-0.70637083,0.67208886,1.8405493,-0.34310248,-0.2918018,0.5663241,-1.0847738,0.6660815,-0.015464452,0.43811345,0.34372035,2.2113862,0.4763644,-0.41299772,-0.7945166,2.198977,-1.3370719,-1.4550339,0.29715487,1.7431082,-0.14243723,-0.55469096,2.0590963,-1.331094,0.89999324,1.297218,-1.0186253,-0.98724204,-0.0073640128,1.0040854,-1.3975956,-0.40885624,0.14173251,0.23530853,0.2644622,-1.7059859,0.11958742,0.8846071,-1.0363533,0.3305651,0.6382148,1.1890517,0.4764926,-0.16625907,0.6733426,0.4344538,-0.519989,-0.37647274,0.29001525,-0.38635522,0.6458159,-0.68345207,1.1374712,0.2427724,-0.067505755,0.6845698,0.8727264,0.6872226,0.62079227
-0.015741408,-0.0532244,-0.23192438,0.1375404,0.3494124,-0.44549948,-0.019443654,0.297503,-0.18232441,-0.27223554,-0.065125324,0.3740801,0.14970434,-0.08636166,-0.072392955,0.12072647,-0.25265968,-0.053391054,0.009857619,-0.13200057,-0.011648304,-0.003197636,-0.027352313,0.36162078,0.2979461,-0.004906126,0.2583097,-0.15936148,-0.29448074,-0.019852716,-0.6128595,-0.2576517,0.055888567,-0.34831026,-0.13706231,-0.26056227,-0.02111927,-0.12816307,0.09426963,0.15002456,-0.19921215,0.0034355936,-0.108427286,0.011134705,0.22889537,0.24980837,0.38521972,0.033566624,-0.13482037,-0.1693882,-0.4997482,-0.19906127,-0.34422505,-0.06759407,-0.01840356,-0.16292743,-0.24710977,-0.23840119,-0.13791817,0.7475442,-0.25742036,0.05312076,0.19372864,0.3616307
0.59103715,0.4591392,-1.0475391,1.8632667,2.7096312,-0.34799507,-0.004368439,0.46549183,-1.1398631,-0.20029716,-0.20073801,-0.14396481,0.94306016,0.9359731,-0.33627337,-0.69679296,0.56503814,-0.18689264,0.2845717,-1.2143693,0.9702847,1.4578165,-0.055568337,0.7500282,0.3839569,-1.2442825,-0.40629748,0.27440014,0.63856083,0.4767332,0.8460932,0.850318,-0.45806488,-0.49157897,0.43996662,-1.0370162,0.14540339,0.2606588,0.25080743,-1.0302569,-1.0297852,-0.01822198,-0.7868789,1.0873346,0.1182608,0.26641542,-1.7180581,-0.27443406,-1.5093265,0.19138707,0.101254605,-0.7773354,-1.0359132,2.727249,-1.2213712,-1.1265092,-0.1510712,2.1449122,-0.1674019,0.78194416,0.030755533,2.8501432,3.165129,0.561001
0.609625,1.7648029,-0.84356093,1.0224317,3.3362584,2.0778387,0.73426425,2.2056305,0.18677442,-5.015294,-0.074230544,0.38762894,1.6118684,3.8184714,-0.058259193,1.6764811,1.3321061,-0.30900466,1.4544089,-0.8371138,0.5221091,0.5862274,-0.16249625,0.27818125,2.204929,0.06838437,-1.6617409,1.9372774,-1.547993,-1.961358,2.2751224,3.0767698,-0.13851675,2.0413735,-0.88148856,-2.1197336,-2.9218438,-0.75293005,-0.09075745,3.1290734,-2.6891158,3.3906384,-2.5628555,-2.507191,0.0896348,1.5822232,1.8267784,-0.6237157,-0.8441225,1.1584865,-1.2101983,-2.2140458,0.2370451,5.71962,-2.8519611,0.030712001,0.13362795,-2.1135397,0.33270544,-1.8684956,-1.7842996,-0.059488833,3.5493312,2.6334805
1.8607957,0.6365866,0.07514821,1.5172738,1.782525,-0.6526452,0.82482964,0.348765,-1.7924439,-1.6268677,-1.3137124,-0.40745616,-0.20964517,0.55205935,-2.0450265,3.150933,1.1287528,-0.39950475,1.241865,0.8038923,-0.28479558,-0.7209747,-1.5327116,-1.4744548,-0.38807002,1.2411159,-0.32034618,2.5240965,1.2404648,1.436349,0.6686483,0.27868345,-0.2579796,1.7950935,-1.1498471,0.6865791,-2.7457874,0.34082353,-0.23131622,-0.083866596,-1.8047516,0.8265926,-0.7334042,0.8829993,-1.3159966,-0.1961071,-0.5016535,-0.7740559,-2.0429702,-0.052975606,0.77231175,0.33653963,-3.0302014,-0.10303761,-1.010686,1.0006118,-1.7965822,-1.1982619,1.2913764,0.8396472,-2.113654,0.44100884,2.4249039,2.229521
0.46402478,-1.5546957,-0.30678988,-0.26538077,0.8833413,0.37793767,1.0694567,0.9888545,-0.93215865,-0.6562185,-0.09921395,0.5875201,0.6593593,-0.66014826,0.01719462,1.5066974,0.9539189,1.5640317,0.6580765,-0.7226208,1.2625219,-0.54349256,-0.9402205,-0.3926738,-0.0980331,-0.5051996,-1.7205746,0.29931355,-0.2893724,1.174228,0.93977165,0.02665606,0.9361626,0.9353563,0.56909806,-1.0498427,-0.36975327,1.04849,-0.2049203,1.0616912,-0.2623472,1.0953645,-0.6008288,1.1258192,-1.1448505,0.12992959,-1.6024965,0.15729627,-0.5760812,2.3080227,-0.48831198,-0.6918733,-1.4281687,0.182339,-1.2834221,0.17045124,1.2010536,0.12340637,-1.1095284,-0.12959585,-0.7412423,0.6357102,0.27094898,1.1886597
-0.18070762,0.017720176,-0.12785564,0.0363661,0.4262739,0.33278406,0.5743062,-0.6243587,-0.6181152,-0.5176652,-0.14104557,0.01759798,-0.0509563,-0.29277328,-0.3889889,0.7223048,0.72107387,0.0372145,0.80892605,0.07860271,0.79523695,-0.29732898,0.11538691,0.52684575,0.59433335,-0.040275134,-0.45433658,0.27121013,-0.3439373,0.5745714,-0.3836649,-0.7069403,-0.021535603,0.7542083,-0.7525052,-0.17682517,0.16190775,-0.5308928,0.05277114,-0.49802014,-0.7909362,-0.43497834,0.2692049,0.29290536,0.2044599,0.01932695,-0.6536293,0.10171399,-0.23439515,0.52548146,-1.0771819,-0.32062572,-0.6054705,0.6672044,-0.74177724,0.47754222,0.14793944,0.2142257,-0.0039664786,-0.22867174,0.22110888,0.38341352,0.41020855,0.4690712
1.792773,0.69426405,-0.23166092,-0.4157374,0.21453771,0.20412344,0.3650768,-0.6605385,-0.30092922,-0.263091,0.8116127,0.7210829,0.16017535,0.09375774,-0.48041236,-0.26374534,-0.90792036,0.5755012,0.21221086,1.1167105,0.20991145,0.6038092,-0.3992509,-0.36110944,0.38731274,-0.84594285,-1.5225384,-0.3107968,0.4286831,-0.92196155,-0.19797342,-0.60325795,0.45147446,0.3882523,1.1679183,-0.5114493,-0.55289775,-0.683366,0.6048226,0.9036239,-0.117127225,-0.8191303,-0.33398694,-0.3890868,-0.7822586,0.5480981,-0.5422085,-0.96397924,0.04394844,0.50814813,-0.6479432,0.27548954,-0.6783724,0.5315834,-0.32253933,0.96714777,-0.26593426,0.31144494,0.91423786,-0.29853112,0.40751565,0.21681572,-0.56302965,0.29667836
1.0170338,1.0552205,0.039646167,0.05821563,0.71676075,1.8640126,0.9862664,-1.8196242,0.22471434,0.089542724,-1.2858517,0.012570024,1.0215997,-0.9282164,-2.8008482,0.9469183,0.5722231,-0.53672653,-0.8968731,0.93323684,1.5872068,0.9921663,-1.1580235,1.9500998,0.20721494,0.16180624,1.2683594,-0.06404937,-1.369398,-2.2543042,2.0436056,-0.6209468,-0.08453918,1.4398723,2.0960758,-0.8703848,-2.2696068,0.021763867,1.0514934,2.065314,-0.72458225,-0.70777434,-0.90843624,0.39602238,-1.0971766,1.2154853,-0.6431527,-1.3190106,-0.40816566,1.3060088,0.53982115,-0.4517386,-1.1293633,0.019096902,0.047015194,-1.1699234,-1.2619165,0.7320495,-0.5608167,0.86404896,-0.45250615,0.022754906,-1.1897204,1.6769463
1.4506518,0.635488,-2.0155358,1.5690231,2.906854,0.37687728,5.060003,0.8732433,0.39684626,-1.5812463,-1.5154595,1.5098658,0.6699315,0.8848458,-3.073436,-0.82756805,1.5849539,3.338066,-1.5057688,-1.0416391,2.0000045,-0.31049955,-1.2588514,0.21842855,-0.5376725,0.6973019,0.39192924,2.9776843,2.5689614,-2.014234,1.7685136,-0.5555237,-0.06878603,0.8027139,-1.9028383,-1.8441981,-2.2667825,1.739732,-1.933988,2.7162273,1.2329323,-0.43654355,-0.8159743,-0.3039479,2.6367953,0.5380308,-2.1060998,1.8322552,-0.30374703,-1.4971421,-1.9314218,-1.2901881,-2.505877,3.7302408,-0.24106102,3.5526567,0.0404194,-0.5324943,-1.1050692,1.0233119,-1.8372586,1.0840952,0.71780044,0.53073823
1.1006467,0.11261179,0.51781356,0.79862136,1.5099131,0.8629438,0.40020517,-0.63876796,-0.41022062,0.44792187,-0.78205645,-0.39846972,0.42431524,-0.13651896,-1.0871522,0.97538275,0.63650256,0.32377112,0.86021376,-1.0283397,1.2840791,-0.07014626,-0.79564923,-0.14300318,-0.22412634,-0.11355724,-0.59709936,0.27217358,0.29666,1.1150157,-0.18532154,-0.013703179,-0.98528063,0.32433397,-0.2674807,-0.57422704,0.076109834,-0.81866497,-0.39078394,0.043782502,-0.042469442,-0.0994233,0.94582003,0.2780293,0.28300563,1.460173,0.17031829,0.28456563,-0.11904482,1.1554195,-1.0505044,-0.398819,0.1983447,0.45142815,-0.66233104,0.3235855,-0.45321378,-0.21992491,-0.4131745,0.4034556,-0.4162662,0.7348584,1.2232678,0.9191086
-0.21406531,-0.42452917,-0.4795176,0.11152764,0.80086595,0.7569383,0.18608625,0.10488983,-0.52693826,0.36190277,-0.025733229,-0.64608824,-0.071554706,1.0423089,-0.18805197,0.08544184,0.55576813,0.25036484,0.051377874,-0.73429734,0.64476395,0.14964391,-0.19826618,0.544513,-0.2174143,-0.4771876,-0.15655212,0.30791843,0.26486996,0.33030465,-0.003297002,-0.12455139,0.18645012,-0.23448671,0.6359831,-0.31162626,0.6408045,0.051705398,-0.4467937,0.10584165,0.31419486,-0.1912119,0.582483,-0.019480916,-0.4003122,0.28707203,0.7199398,0.38379166,-0.68064916,0.36859715,-0.30643952,0.017388465,0.008676168,-0.096312836,-0.4099892,0.033217575,-0.22848026,-0.21601184,0.578902,-0.03182099,-0.6323077,0.5771698,0.5490024,0.65948963
1.0043424,0.3677215,0.65020734,-0.5446814,0.6803774,0.21111755,0.26258034,-0.26067916,-0.09222566,-0.5313145,-0.06434962,-0.5940099,0.44638,0.24573863,-0.40641433,0.23455125,0.3269833,0.48883533,0.20414321,-0.04375286,0.36090177,-0.031127807,-0.2537325,-0.22938761,-0.26487502,-0.31461364,-0.014492496,-0.15638104,-0.5462578,0.017271282,-0.23416913,0.42347237,-0.18094927,-0.4546899,0.4963013,0.44406185,-0.11403692,0.5414111,-0.11587774,0.16533789,0.07214716,0.5504908,0.49777898,-0.03150709,0.041543737,-0.2688073,0.10860322,0.96279836,-0.16144489,0.17961238,-0.42269844,0.16735378,0.3044953,0.07575936,0.4332127,0.32050636,0.14051859,0.3234737,0.25620937,-0.037592057,-0.30648988,0.18735877,0.8967449,-0.020731516
1.1847117,-2.1944108,0.927956,0.5001519,2.2502882,0.8898626,0.52937263,0.4141528,0.63902634,-1.5051575,0.7506995,1.0156938,-0.09848556,-0.2556031,-1.5770165,2.2733922,2.511986,-2.468637,2.2420216,-0.38883787,1.0735221,1.4310213,-1.4723547,0.28738952,-0.08452207,0.45021564,-1.2282945,0.21309751,3.354976,-0.18215455,1.1282763,1.4744337,-1.0251459,1.7799715,1.6703197,-2.8765392,-1.4563724,-0.84438896,1.2435179,0.9839899,0.22502817,0.2820995,-1.5065644,-2.6776438,-1.3941581,-2.2992494,1.1252027,3.5566661,-3.4418135,-1.0460165,-0.71792465,-4.2930574,-0.51537466,1.7224114,-0.7098075,2.1690168,1.8209178,0.85204506,-0.9256149,3.5724459,0.9273312,1.8401461,1.7978953,3.7752986
2.2640433,-0.92754835,-1.2693801,0.43889332,1.4986153,0.4154622,0.49414405,-0.065440476,0.408028,0.3643478,0.9673888,-0.8347096,1.4263616,0.106921844,-0.8705384,-0.69290906,1.4225112,-0.060031243,-0.1706297,-0.20133232,1.0132693,0.17514406,-0.40433615,0.14423479,0.36642253,0.58390653,-0.42383608,1.01657,-0.3850928,1.1793406,0.15833274,0.06847146,-0.7918478,0.53676593,-0.5405543,-0.47932774,-0.1634334,-0.006974888,0.06161295,-0.33323815,1.8716061,0.43026203,0.7612401,-0.74841285,-0.8349993,0.9357506,-0.31233108,-0.15815975,-0.3311111,0.79396015,-0.23401563,-0.8834023,-1.2430314,0.35851994,-0.10683238,-0.59339035,1.2737875,-0.028212577,0.34723458,-0.3055178,-0.9901999,-0.22227074,1.854572,1.5972205
-0.04624753,0.4771571,0.3432989,0.53835577,1.0383867,0.43605703,0.18072912,0.2246619,0.24154006,-0.19672793,0.14648986,0.7435758,-0.92498446,0.74095786,0.5657772,0.60008186,0.48768646,0.58693844,0.06270564,0.091759734,0.006172343,0.48495108,-0.5637309,0.23286073,-1.1585023,-0.19920209,-0.3728981,0.5920875,0.09480619,0.279081,0.2804103,-1.0863638,-0.23828273,0.23300834,0.081660934,-0.41588083,0.023764022,-0.24281915,-0.7451388,-0.07861024,-0.8549571,-0.2686925,-0.21447176,-0.9004167,-0.46093288,-0.15129998,0.13320452,-0.57675886,0.24998315,0.3660711,-0.21029006,-0.4354961,-0.53207767,-0.1554613,0.38235322,0.26743072,0.14713348,0.882079,0.26460108,0.29160097,-0.5403786,0.46147838,0.579419,-0.8112797
1.5719028,-0.4173212,-1.0059104,-0.30602455,0.7361983,0.05024244,1.1683593,-0.16952804,-0.13341826,-1.8636489,0.28595772,-2.1360633,0.36012587,0.40264532,-2.3727522,-0.49216765,1.1904203,-0.21341439,0.60249716,-1.6745661,-0.00048089883,-0.23831019,0.5277304,0.6031165,-0.9994912,0.3736027,0.10952824,-1.8030853,-0.5718615,0.6878777,2.0533304,-2.181184,-0.8202355,0.40031976,1.2406824,-0.36805376,-0.42487597,1.3175901,0.64632374,2.0516975,-0.78471583,1.7861198,0.19417058,0.08453221,0.32167736,0.20563267,0.012269558,-2.764698,-0.9281415,-0.6318868,-1.3625203,-2.6482606,0.5588102,-0.8721443,-2.1986594,1.0869576,-1.0781863,0.50244,0.3666423,1.814979,-1.3491812,0.0655832,-0.23966041,-1.593879
-0.28802153,-0.17531702,0.20784774,0.21513858,0.008343327,0.086675115,0.11974259,0.0877468,-0.2943784,-0.3910701,0.08157607,0.094098315,0.23948613,0.40136158,-0.65781605,0.15203696,0.030629795,-0.023156663,0.004078395,-0.24895465,0.109237775,-0.15401322,-0.1622185,-0.18318753,-0.16587271,0.105767004,-0.20755103,-0.5457944,0.007231037,0.060243215,0.21112348,-0.67105037,-0.1778313,-0.18777686,0.25670666,-0.18647847,-0.35373488,-0.012254909,0.19914155,0.017077731,0.49399683,0.27199674,-0.03475715,-0.12225018,0.45959893,-0.0071834624,0.16502206,0.37292928,-0.10847144,-0.17653711,-0.1692739,0.24040133,-0.0717361,-0.05096739,-0.13276064,-0.13064733,-0.042189874,0.11217814,-0.053046886,-0.1758885,0.1930575,-0.480602,0.23645669,0.08677602
0.96922624,0.10135449,-0.044709533,0.8083423,2.3271558,0.27162758,1.8019888,-0.55878615,-0.040123165,-0.10263183,-1.3511462,0.7035324,0.1316003,0.31953946,0.45708606,0.6533538,-0.21226668,-1.7835342,1.148531,-0.27988273,0.73982483,-0.92882776,-0.9730792,0.46270993,-0.5197029,-0.7462154,-0.69026965,-0.19520296,0.1868325,0.8454719,1.3147777,-0.72695756,1.2540332,0.5344787,-1.064563,0.20774712,-1.0209622,-0.12518694,-0.8604659,0.81832886,-0.51113653,0.064134255,0.8217406,-0.118614085,0.16332775,1.5990696,0.1785584,-0.11542992,-0.75317985,1.3782095,0.28710052,-1.0694243,-0.49670547,-0.392915,-0.23941985,1.0632668,0.1995559,0.32630458,-0.22939241,0.35584617,0.6953775,0.4919636,1.6068693,0.9229666
0.9042976,-0.59867775,0.024891695,0.19399309,0.6747469,0.7938258,0.8811007,1.4693798,-0.26022273,-0.6944058,0.18508665,-0.31939742,-1.2542025,-0.7318498,0.03926288,0.785387,1.7236197,-1.4766536,-1.1879504,0.46968415,1.1932689,-0.83975995,-0.53716856,0.94650555,0.40179452,-0.79381233,-2.062876,0.44461885,0.3692085,-0.24481888,0.27284014,-0.68214345,-0.37076285,1.2802812,0.5093081,0.558001,-0.74823385,-0.9006721,-0.3756429,0.18399246,-0.6295383,1.0615525,0.08130444,1.0183663,0.12642777,1.2860934,0.19697785,0.15167621,0.83274096,0.08526623,-1.1910025,-0.03143744,-0.91352046,1.1829519,0.14004539,-0.53976846,-0.45616135,-0.4332395,0.2559431,0.93895465,-0.8716979,2.4443965,1.0561848,-0.24254341
-0.0725444,0.35465205,1.0261447,1.4161386,2.149486,-0.31998783,1.4134173,-0.3718288,0.42790827,-0.21173213,-0.77455217,-0.8337217,-0.12577629,-1.7306038,-0.7908805,0.121322334,-0.22632082,0.94997776,-0.02456607,0.1883401,0.33012807,1.7363129,-0.39843822,-1.3699846,0.2144661,0.56732506,-0.522104,0.24099897,-0.7735179,0.85983866,1.4157232,-1.7994272,0.27631122,-0.10291962,0.84346825,0.52843046,-0.20557691,-1.0604271,-0.27918935,0.3882205,-0.6998445,-0.9510102,-0.9475398,-0.9834501,-1.272599,3.0962844,0.36100373,1.5389501,-0.44248056,0.44716722,0.98179567,-2.2905753,0.37653646,1.0974486,-0.524967,0.24861647,0.3746419,-1.104896,-0.15267414,0.1565398,-1.6391262,0.98151344,0.33130795,-0.5453738
-0.089010015,0.24120513,0.2900322,0.4772327,0.59620845,0.10973877,0.26225242,0.46289694,0.013635327,0.10188275,0.65223676,-0.7265181,0.11121274,0.06149719,-0.42785102,0.71819085,-0.4875519,-0.16215077,0.27883187,-0.564101,0.2555979,0.036751006,-0.7855708,0.25387624,0.09058666,-0.12982805,-0.11745584,0.09062311,-0.0238848,-0.019341702,-0.020796213,-0.12033109,-0.020220218,-0.26585343,-0.5875275,0.09088465,-0.30516234,-0.7775559,-0.3902903,0.24455412,0.19606031,-0.01301867,0.29793364,0.2447234,-0.6281836,0.10069219,0.024543835,-0.4751912,-0.44908303,0.53009933,-0.51278883,-0.4210913,-0.33559376,0.56816447,-0.048543077,0.26129842,0.3145706,0.05071346,-0.35330945,0.69446516,-0.69412065,0.0464679,0.01531308,0.06614586
1.5282823,0.17187177,0.9172206,-0.61140436,2.302139,-0.72872764,0.42308217,0.06519579,-0.21028239,-0.42099547,-0.3683886,0.01329251,0.9615629,-0.39709276,-1.0683382,1.1745974,1.0430493,0.032233596,-0.94875896,-0.25234795,0.375706,-0.04937833,-0.5140665,0.04073559,0.5227676,0.40672496,-0.79832107,-0.6559066,0.81065226,-0.45757875,-0.08276474,0.08809874,-1.4386834,-0.21882285,0.38119343,-0.17019923,-0.21107128,-0.63248533,-0.0018069312,0.81234366,-0.08182662,0.70580304,-0.67624044,0.8193864,0.88493663,1.4344504,-0.23054235,0.1104243,-0.3321749,1.5505008,-0.324451,-0.6530161,-0.034780227,-0.4702956,-0.6638338,0.6886967,-0.32775182,1.2934391,-0.36192787,-0.31532103,-1.0877028,0.55157906,0.8914469,0.17230523
1.2220899,-0.6083327,-0.07422185,1.0734909,1.498218,1.3503197,-0.19922492,-0.04341385,-1.0733141,0.6943944,0.21239339,0.49006823,2.3052776,-0.3796062,-1.34936,1.3126955,-1.5137343,0.22889958,0.023813192,-1.1893642,0.5170576,-1.2114946,-0.56577986,1.2434701,0.7380126,-0.5332314,-1.4920799,0.14392115,1.5645367,0.7419866,0.99738866,0.0034970327,0.1621483,-1.0044924,0.55574256,-0.49822438,-0.44943354,1.1186568,-1.0013635,-0.68737495,-0.74254155,-0.03041634,-1.4892579,0.88152957,-0.5088083,1.2342241,0.3619744,0.29977846,-0.11853576,1.1669012,0.23339505,-1.0393608,0.41787398,1.2232438,-1.0075543,1.14509,0.03781136,-0.93449605,0.5116641,1.3396101,-0.43608013,-0.026899036,0.08157894,0.39283672
0.5192945,0.2559222,-0.0056841546,0.23052615,-0.53745955,-0.0019147851,-0.55161417,0.3473216,0.28988796,-0.6292594,-0.3676736,-0.43814564,0.12662624,-0.124819934,-0.2658507,0.13405474,-0.41067398,0.07781086,-0.37332603,-0.13803326,-0.23832086,-0.21303762,-0.4534244,0.43166617,-0.3478334,0.2085657,-0.36130044,0.070306055,-0.21770617,0.14032097,-0.17910896,-0.04296636,0.4922108,0.5930526,0.36170268,-0.27242872,0.1389311,0.35557652,-0.060008507,0.18856391,0.0519623,-0.3448561,-0.14046733,0.034909096,0.36007464,0.26493594,0.2614551,0.19546603,0.2112804,-0.36589685,0.22582643,-0.05192197,0.05895246,0.43592232,-0.19304919,0.062284753,0.034198187,0.05665396,0.06268864,0.061860036,0.20046014,0.12817143,0.5355988,-0.19700193
-0.27814978,0.73013216,0.08506769,-0.42208815,-0.42076465,0.19778377,0.55647814,0.20465505,0.20630124,0.24438097,-0.5064032,-0.36409795,-0.014279714,-0.4168938,-0.1035822,0.24030592,0.049874246,-0.3909513,-0.6071656,-0.7004638,0.7280806,0.7643137,0.38012013,0.8463636,0.61568,0.0857364,-1.0170774,0.14014807,0.025089452,0.62109524,-0.36201707,-0.322404,0.528599,0.89167416,0.29095626,-0.35292155,0.24390814,0.73216945,-0.22428465,0.30498677,0.66577023,-0.048701208,-0.15221477,-0.81458086,0.58367586,-0.12090372,-0.018962048,-0.4062758,-0.1702366,-0.25788537,0.16854765,0.45596263,0.60136086,-0.20971566,-0.2448698,0.8320203,0.4669922,-0.3077145,0.66248375,-0.08677248,-0.55790305,1.1609945,1.0213326,0.9510501
0.20378461,-0.25539237,0.4078133,0.8495072,0.12735212,-0.8554671,0.96816117,-2.1631658,-1.425257,0.4621044,-0.15863821,2.696681,-0.142288,0.7643605,-0.8972595,0.35852706,0.11594445,-1.4715508,-1.5687404,-3.09417,1.1539556,0.8436735,-1.0384613,1.1867975,0.13459428,1.3987459,-1.5216385,1.34015,-1.3441161,-0.15633276,1.2405107,1.4661599,0.0967028,0.6150444,2.7965736,0.34624004,-1.7338059,0.22982606,-0.77626514,0.6848474,0.1324417,0.09305121,-0.7388682,-1.4473662,-1.2439544,0.6339274,-0.74105555,-0.32641846,-1.3858794,1.1805545,-1.963878,-2.4902117,-2.507117,0.4612272,-1.9081701,-0.3988133,-0.78487,0.5561073,0.32497814,0.23964041,-0.06852621,0.16025871,1.3648813,-1.0338274
-0.44789323,0.8541527,-0.17975952,-0.11147093,0.016860204,-0.954924,0.22101568,0.7009812,0.30350962,-0.30398136,-0.48570943,0.85360295,1.6333878,0.02633381,-1.643511,-0.44145682,1.9948815,-0.8630838,1.3655596,-0.8121237,-0.67863184,0.83587873,-0.80024356,0.7732372,-1.0557264,1.9102615,-0.8283842,-0.020156717,-0.19218415,-1.64887,0.8782572,-1.739153,-0.58366495,-0.05388193,1.1086682,0.1977078,0.50016356,0.39142525,0.5343098,1.0318364,-0.24866953,0.5225016,0.16797383,1.2000492,-1.57528,1.1714549,-0.3446547,-0.76617,1.1399792,0.02119523,-0.21878673,0.75200653,-0.1382734,0.06316687,-1.9834557,1.7647347,0.2164954,0.6615816,0.61409026,0.81345236,1.1713156,-0.97877693,0.511164,-0.34513605
-0.15957098,-0.16770916,0.1650605,-0.2649147,0.13366416,-0.20447071,0.023361199,-0.16108187,0.01657143,-0.124794014,-0.02956083,0.10844919,-0.08717615,0.1107219,-0.1430666,-0.2789606,0.32072872,-0.2686991,0.18611106,0.01932055,0.39917618,-0.3774391,0.055353552,-0.22074601,-0.054290332,0.33613852,-0.31855953,-0.3648122,0.22315025,-0.23365498,0.21393535,-0.3029749,0.26818132,-0.22401011,0.2395083,-0.029814325,-0.6503724,-0.032934796,0.04485416,-0.44984564,0.43253908,-0.23971575,-0.2198169,-0.13333294,0.18666486,-0.0041114604,0.19217542,-0.19854984,0.04868657,0.04618854,-0.029365685,0.0311555,-0.3113709,0.15689401,0.049298104,-0.14446941,-0.39268324,0.06302261,0.107935846,-0.17544647,-0.18238395,-0.20516804,0.12446682,0.20663954
0.28569302,-1.8004154,-0.2736624,0.58300805,1.3894261,1.4565982,1.0276644,1.5987365,-0.8444452,-0.74245197,-0.9890641,0.78316975,-1.0221848,-0.60402364,0.4543046,2.1895874,0.16135962,0.02564168,-0.0020274096,-0.75524586,1.3595463,-0.5569087,-0.03724337,0.9701917,1.2341543,0.2368859,-0.46937713,0.7134207,0.31816962,-1.4153616,1.7831665,-0.013782649,1.0900817,-0.10987506,0.5049903,-0.7701561,0.56273127,0.5727949,0.20475283,-0.672272,0.8611112,0.09065414,1.7718184,-0.04913394,-1.8473238,-0.3277223,-0.40422007,-0.5730815,-0.77083206,1.1649154,0.8907015,-1.9084435,-1.0832386,1.614678,-1.6593753,1.5277964,-1.6277692,1.1207862,0.10111051,-0.34968013,-1.7107085,0.0058249943,1.6367648,0.7835944
0.17659515,-0.5089213,-0.14204156,0.31014347,1.0293276,0.12926105,0.47628376,0.5523823,-0.37986264,0.41859496,-0.037044473,-0.7296961,-0.18909149,0.8509378,0.04590278,0.3535375,0.33870015,0.38466018,0.91636527,-0.28225362,1.0150101,0.02721606,-0.8031152,0.42686218,0.4007932,0.14143719,0.26386347,0.23500545,0.63565767,-0.3943268,-1.3024828,0.17601429,0.84730345,-0.44127283,-0.07101978,-0.4010043,-0.48911396,-0.26831257,-0.35616398,0.2055607,-0.21482024,0.08530226,-0.73989505,0.49938133,0.04796308,0.66881084,-0.0063961255,-0.14840226,-0.6263593,-0.20584303,0.1356123,-0.564012,-0.21213931,-0.2455358,-1.0252526,0.22094509,-0.17849381,0.28189823,0.24181962,-0.42892742,0.04779617,0.46435544,-0.08608936,-0.15365046
-0.44907102,0.014756299,0.2783416,-0.1328152,0.16059329,-0.35305953,-0.013926916,-0.16329417,-0.28765202,-0.12359081,0.15259549,-0.06287221,-0.022299834,0.1020507,-0.1507457,-0.116581745,0.2310192,-0.06267656,-0.041072816,0.043455068,0.24350525,0.0070014354,-0.16631103,-0.0067737084,-0.08380232,0.12805615,-0.07085314,-0.60074013,0.20036195,0.047136582,0.22737691,-0.36560535,0.2592045,-0.015716499,0.06095989,-0.07324101,-0.6688331,0.11720042,-0.16563672,-0.2588953,0.4092027,0.016702047,0.007015812,-0.08503316,0.31712586,-0.07139793,0.24226141,-0.06501952,0.18207319,0.12638755,-0.1173613,-0.07431141,-0.013198663,0.13100803,-0.06208406,-0.16534942,-0.19739105,0.20389165,-0.012412908,-0.0028538655,0.008089165,-0.37641314,0.17300239,0.10201286
-0.12695809,-0.25247124,-1.2189428,1.684335,1.124449,0.31110176,-1.4283055,0.7793162,-0.045833185,1.126292,-1.9386426,-0.40865275,-0.5936938,0.23524034,-0.6899315,0.62745434,-0.2905779,0.79326254,0.089692414,1.1131247,0.55786175,-1.8734441,-0.76873505,0.6138238,-0.22042146,0.5707169,-0.6431409,0.32594886,0.5650051,-0.063604094,-0.045711838,-0.14217946,-0.91873455,0.20174316,0.79175264,1.0315733,-1.6117307,0.24707589,-0.45701966,1.713911,0.41648528,0.0945644,0.33039492,0.72668415,-0.9777857,-0.96643615,-0.8608422,-0.09125149,-0.20714872,1.3685768,-1.0279489,-2.136342,0.62136114,0.3768438,-0.77779686,0.79668856,0.5424925,0.7515677,0.07902582,-0.49070552,0.068909444,0.94663495,1.0709373,1.1374661
0.07914731,0.12302577,-0.11848516,0.29847568,-0.1159152,-0.3159077,-0.15735891,-0.11381118,-0.0062475046,-0.16499725,0.10190035,-0.17040971,-0.10823697,-0.059482418,-0.09358938,0.22296123,-0.05154272,0.07889657,0.09234665,-0.25713304,0.40413085,-0.05243088,-0.04702273,-0.0025257065,0.020459961,-0.062083263,-0.23529574,-0.0005683097,-0.0040118652,-0.11644645,0.1361927,-0.09972042,-0.14044546,0.4291108,-0.049772665,0.062665485,0.20467928,-0.5275788,-0.11953362,-0.035662603,-0.03903116,0.21175672,-0.030406373,-0.05981305,-0.20433095,0.15629134,-0.08828029,-0.1056176,0.028296245,0.32946134,0.0043504764,-0.025410177,-0.055155218,0.11909622,0.109916,0.19859429,0.029407326,0.38275698,-0.16181709,0.33799273,-0.37818295,-0.12584016,-0.19174391,9.203623e-05
0.53605586,0.27577132,-0.27331176,0.69349295,-0.1462879,-0.2771875,-0.006465628,-0.39523917,0.51438254,-0.10534419,0.16083616,-0.0055614416,-0.14486293,0.033643782,-0.40821204,0.4161164,-0.09227582,0.2865731,-0.29120567,-0.066699974,0.52652466,-0.24137188,-0.062444746,0.024530321,0.09175782,0.6081462,-0.4039921,-0.23858258,-0.1761792,-0.05647324,0.05801487,0.09299397,0.6117257,0.8316225,0.4020148,0.11843916,-0.0605519,-0.6169882,-0.3860669,0.042971928,-0.5051502,0.31097504,0.12387966,-0.17955123,-0.4523833,0.27849,-0.21299535,0.18407099,0.062724486,0.48005363,-0.16169824,-0.32120997,0.1352922,0.37685934,-0.2694073,-0.0666109,-0.21980596,0.6917852,0.025851142,0.5230401,-0.08720875,0.03057082,-0.47406355,0.21010908
0.6688459,0.6305485,-0.5753778,1.358075,1.0642593,-0.38454217,0.4562387,0.73401326,-1.607983,1.1079261,-0.8431916,0.1997368,-0.16110289,-1.0491831,-0.18329628,1.4938785,0.2535457,-0.641474,1.0545663,-0.7718439,-0.1541108,-0.35455698,-0.6291145,0.300393,0.3067697,-0.42613295,-0.7679505,-0.068602905,-0.16414438,-0.17359637,0.9955392,-0.20177281,0.39889592,-0.10906813,-1.0462215,-0.38737926,0.09275852,-0.02888676,-0.18094577,0.69791365,0.3980064,-0.079716176,0.30936503,0.1618282,-0.020198273,1.402266,0.6469798,-0.2691057,-1.3872616,1.0275816,-1.0927265,-1.1137137,-0.60304207,1.0515082,-1.0203607,0.077497564,0.7719645,0.6124033,-0.23237744,-0.1423355,-0.49720293,1.0059254,-0.52609366,0.95033485
0.59778124,-0.08065128,-0.23521121,0.25654575,0.44273004,-0.7807998,0.6046684,-0.74129707,0.44888696,-0.18777749,-0.53089774,-0.08844391,-0.29195514,0.37910536,-0.43663123,0.2299478,0.006234918,0.137181,0.26780534,-0.3342519,0.93683463,-0.83015007,0.23685308,-0.39959705,0.282377,0.43835214,-0.8570526,0.15721753,0.56431466,-0.53038746,0.6702117,0.14280567,0.109912515,0.32210398,0.17696561,0.387505,-0.6441819,-1.0975556,0.20508887,0.2504035,-0.4795994,-0.09629054,-0.34379366,-0.5544183,-0.4177227,1.2515427,-0.5069901,-0.122232445,-0.41024858,-0.2174247,0.08450948,-0.1319609,0.038474683,0.20680852,-0.5224803,-0.17706016,0.049480043,0.107140936,-0.19990171,0.16332446,-0.15391712,0.18278429,-0.67593616,0.21865287
-1.1688555,2.5567102,-0.3716344,-0.17489108,1.4520068,0.16362314,0.36650178,-1.3933123,0.3631713,-1.6533374,-0.5004275,0.98852205,0.24279085,0.16692115,-1.473763,0.05544103,1.0839795,-0.56596184,-0.42716035,0.9419506,0.5418189,-1.4863456,-2.56085,-0.97325456,0.5218939,0.19373545,-1.9668969,0.48193592,-0.17430171,-1.0434923,-0.19450594,-0.08113955,-0.027828993,-0.5646555,-0.34288177,-1.7179108,0.98638904,2.0493875,-1.0465965,-0.21523637,0.03176886,0.5804629,1.1087718,-1.0860037,-0.5540734,1.5693542,-0.33145663,0.13182233,-1.0474565,0.7599169,0.44718546,-2.7905266,-0.29118907,-1.3217894,-1.8732738,-1.5754832,0.092669226,-0.28108028,0.6838665,1.142972,0.4399706,1.016861,-0.33047727,0.40337557
0.42126346,0.24650845,-0.0992677,-0.1889142,-0.03750744,0.17017843,0.40059602,0.1007853,-0.4619499,-0.17260991,-0.20494284,-0.03684384,-0.07976143,-0.1162441,-0.11053367,0.21978737,0.1282564,0.18576427,-0.34732515,0.14801393,-0.43519324,0.08825136,-0.17344433,0.24950166,0.06830247,0.09184555,-0.14640117,-0.07101592,0.15669578,0.12517062,0.45764276,0.27969688,-0.008208663,-0.40922993,-0.057913557,0.542032,0.11610204,0.27385387,0.39596397,0.088814326,-0.08507424,0.2259071,-0.06032456,-0.3005685,-0.021537947,0.1598789,0.06502344,0.08861589,0.048262227,0.120832466,-0.2945615,-0.11460865,-0.020617625,-0.33025298,-0.24957849,0.024519922,0.11716824,0.32220444,-0.24959637,-0.22165939,0.07227438,0.2378212,-0.3017865,-0.0009439508
0.36314207,0.06028482,0.20680405,-0.061714895,0.06820179,-0.3132442,-0.07895674,-0.035341054,0.13447571,0.11516939,0.14433466,-0.09034155,0.24333589,0.0016326628,-0.113930464,0.16996244,0.28479305,0.4105007,-0.1253957,0.0798735,0.14773455,0.097856104,0.054890033,-0.3596852,0.04081424,-0.086907595,0.33734566,-0.058507577,-0.28611025,-0.0014314717,-0.09585172,0.0073330016,0.44542253,-0.12672555,0.03458125,0.22708243,-0.24360132,0.45922193,-0.044221997,-0.19046588,-0.17982742,0.3510717,-0.11366249,-0.06475724,-0.3885276,-0.2872285,0.0027016236,0.2921941,0.23720711,0.27734494,-0.26539376,-0.12177724,-0.03569423,0.30704188,0.08385262,0.00011145959,0.010393819,0.17221469,0.1371192,0.325513,0.0062974384,0.04947862,0.3375753,0.3334157
0.25992736,-0.08026911,-0.09454152,-0.73662496,0.4408469,0.12990245,0.36225277,-0.3914969,-0.34388545,-0.08580019,-0.5381967,-0.28736374,0.27010977,0.45519271,-0.3709164,-0.02092316,0.39547855,0.43181095,-0.0433138,0.17389984,-0.18625575,-0.0013348007,0.35998556,0.55475044,0.24654134,0.060968153,-0.42240256,0.3506166,0.668068,0.017253475,-0.054071102,-0.17249583,-0.5821821,-0.16701224,0.2523053,0.2560185,0.064439096,-0.35503313,0.16559108,0.2588249,-0.1794762,-0.17422338,0.068825535,0.20932397,0.13172044,-0.14800335,0.0062391907,0.0695545,0.42141983,0.24664076,-0.3187681,-0.28218338,0.051155765,0.049905147,-0.5017101,-0.04256738,0.10984489,0.19320576,-0.06821731,-0.045750562,-0.25484753,0.16917747,0.25598472,0.091326624
0.3646231,0.0624096,-0.38646203,0.6321475,0.9018665,0.8338701,-0.1653849,-0.23036094,-0.19881546,-1.4915916,0.988315,0.8091434,-0.2678028,-0.40199614,-1.8151484,-0.5205589,1.706442,-0.88557553,1.2874613,-0.95814085,0.33833548,-1.679061,0.4865725,0.55428165,0.37668592,0.6451929,-0.39292622,1.1847328,-0.1109463,0.740724,0.108675346,0.47217885,1.7894182,-1.9695947,0.3644324,-0.42439806,-0.07320574,-1.0281385,0.49606812,0.9723249,0.35398945,-1.3905087,-0.8194224,0.22816154,0.09387226,-1.1915697,0.13198888,-0.40831563,-0.33774838,0.9790478,-0.13496976,-0.25121307,-0.56530285,-0.15974808,0.28348386,0.46051228,-0.026961118,-0.56975865,-0.98307055,-0.59597135,-1.4113338,1.2030334,1.3603728,0.2577385
0.25865188,0.022405718,0.10791795,-0.142226,0.5762352,-0.35156968,-0.22661014,-0.16674706,-0.2401064,-0.58187824,0.058871325,-0.08313875,-0.22519031,0.09011766,-0.29694742,-0.16732986,0.06141858,-0.11991953,0.4865437,0.19596717,0.206859,0.2361332,-0.50306934,0.1725749,0.010062246,0.26597273,-0.10305762,-0.74515676,-0.16958666,-0.18054079,-0.16595776,0.09360348,0.4600191,0.13369448,0.3033201,0.37145907,-0.38823596,0.5566854,-0.06362041,-0.25158724,0.69909513,0.10134966,0.07656752,-0.03474849,0.57945764,0.050613616,0.41338024,0.11746302,0.22646675,0.32715195,0.21073769,0.002062286,-0.1490005,0.24729563,0.28455573,0.120073766,-0.030056104,0.16214302,-0.28302434,-0.2602108,0.06380606,-0.31856015,0.124242485,-0.17341726
0.08228743,0.538742,-0.10416304,0.652551,-0.1328219,0.1786071,-0.11594941,-0.26994246,-1.4248912,-0.1790117,-0.06939685,-0.5213256,0.28410602,-0.2908793,-0.9461431,-0.5934243,0.15885246,1.4089317,-0.6707269,-0.13700795,-0.05934726,0.31768945,0.024379713,0.6140669,-0.2112212,-0.9217146,-1.6562774,0.3656438,0.043776814,-0.754844,0.4962936,0.17805633,-0.11731977,0.18329136,-0.56179297,0.14832933,-0.4022147,-0.5719437,1.0706477,-0.026062174,0.06545916,-0.2291935,-0.11446965,-1.0401361,0.09865412,-0.18497172,0.26700908,-0.5035042,0.5617568,0.38678768,0.124286786,-0.28627208,-0.43583402,-0.21583189,-0.4612341,1.1748817,-0.11761377,-0.37237236,-0.8803937,0.25357056,0.31867814,-0.05254258,0.03381813,0.5611775
-0.040856134,0.0479989,-0.5003527,0.33719128,0.40487146,0.2144242,0.40213138,-0.74081445,0.63783604,0.06943025,0.76356,0.15535076,-0.36012793,-0.11312026,-0.6802672,0.736708,0.7053079,-0.10606541,-0.17556396,-0.12286886,-0.11429693,-0.4173291,0.28727025,0.368503,0.3668347,-0.039747726,0.42215025,0.22273996,0.032946773,0.44040436,0.30446813,-0.37237963,1.2242256,0.11010803,0.04491375,0.4622041,0.82593066,0.2507826,0.16436367,0.0878251,-0.20592567,-0.22603771,0.30605054,0.3645034,-0.08726345,-0.37990594,-0.09788987,0.293889,-0.3161572,0.261268,-0.44009712,-0.056195207,0.20030344,1.1479236,-0.6698744,0.2710028,-0.59472805,0.39012522,0.09472864,-0.74910843,0.017919412,0.49123263,0.64845604,0.972488
0.31060162,0.1001179,-0.1487434,0.247811,-0.026919456,-0.18033442,0.6798245,-0.0352124,-0.12836339,0.059612755,-0.28603333,-0.32208455,0.043577507,0.012820938,0.28715083,-0.055761203,0.27137947,-0.15314691,0.20143825,-0.17731592,-0.12830757,-0.025353404,-0.029517978,-0.2483604,0.11276417,0.030858707,0.024574243,0.2331047,0.17148255,-0.1663055,0.15440622,0.036851518,0.051511616,-0.17263171,0.3258738,-0.19670707,0.10289881,-0.091028504,-0.26754218,0.07562052,0.27701515,0.34596652,-0.13711399,0.22302932,0.10144074,0.1090579,0.38794518,-0.3338763,-0.21837102,0.3440188,0.26839325,-0.25014728,-0.28450286,0.08374701,0.30829817,-0.19399916,0.20309238,-0.13301867,0.20828898,0.20289966,0.7301573,-0.08057391,0.121408604,0.095251046
0.045470707,-0.08134454,0.051230606,-0.18081783,0.631126,-0.11963463,0.23826545,-0.06352542,0.07185894,0.41646996,0.035833012,-0.8555143,0.26299453,0.12489045,0.0647126,0.17056403,0.40448192,0.1885043,0.18466404,-0.1567045,0.19382897,0.1521152,-0.29046643,-0.111525476,0.03454374,-0.37612978,-0.14345212,0.2918236,0.1967191,0.1740076,0.15980199,-0.011573001,0.20248498,-0.19830753,0.3265378,0.15091577,0.29503387,0.30548862,-0.1336501,0.03129032,0.08767151,0.21305062,-0.106595725,0.35336998,-0.0015218871,-0.09447159,0.23225284,0.22108637,-0.16284896,0.34099656,-0.4514135,0.055505805,0.06945936,0.49482128,-0.054942057,0.025292926,0.003928309,-0.27420756,0.24872223,0.12382993,-0.09331628,0.33684283,-0.040209543,0.2702968
-0.0316812,-0.058536876,0.05853777,0.27926418,0.25066775,0.51210123,0.0011735032,0.43619362,-0.13754131,-0.10990605,0.10999654,0.13086188,0.052884202,0.25447652,-0.43163347,-0.28937528,0.0558968,0.072136015,0.12685499,-0.102961734,0.025953496,-0.098714925,0.021645386,-0.1776634,0.0637351,0.19393848,-0.22182496,-0.14487992,-0.09600608,0.321949,0.22380097,0.0011398911,-0.27303258,-0.06930912,0.11934429,-0.22386889,0.030908346,-0.11379808,0.1440007,0.12031653,0.26623824,0.0856595,-0.091718554,-0.21097909,0.106242105,0.039678674,-0.0580195,0.18774982,-0.47587207,-0.06611159,-0.0042652264,0.5801778,0.09180917,-0.2379907,0.10807559,-0.3034768,0.034312636,0.3386596,0.16047153,-0.18079203,-0.14963517,-0.06527862,0.07788579,0.008601384
0.08830634,-0.17942168,-0.56035376,0.2737983,0.28463826,-0.08878078,0.0031242224,-0.21895672,0.36477885,0.15995233,-0.122652985,-0.03447707,0.15518545,-0.18871625,-0.3291687,0.6022116,0.17472243,-0.20669243,-0.26035434,-0.9150731,0.18830158,-0.21754955,-0.59873134,-0.17789774,0.17070024,-0.6389033,-0.41200802,0.016437521,0.34591025,0.23880081,0.93384707,-0.2188009,0.0014524582,0.7156378,-0.121613026,-0.015653625,0.27833983,-0.2557017,-0.36059698,0.022393342,-0.26068217,0.22410437,0.16168581,0.1824883,-0.41032913,0.51107305,0.15240441,-0.107514,-0.030077578,0.40808904,-0.06643932,0.15787716,-0.1645626,0.4830957,0.31394213,0.19684796,0.084481604,-0.019483438,-0.5653268,0.59727144,-0.4169781,-0.09526876,0.08688604,0.18220884
0.443443,-0.27201957,-0.15047985,0.120763965,0.24138059,-0.17796424,-0.18755637,-0.45542395,0.01351975,-0.243479,0.16964237,0.018262273,0.21793075,0.31454715,-0.29846665,0.19198981,0.44654208,0.16836908,0.29302326,-0.44549894,0.43512693,0.17039785,-0.0032062582,0.4166371,-0.07230569,-0.2561929,-0.08404761,0.46728265,0.00951604,0.34529334,-0.357758,-0.21207133,0.23617306,-0.23677656,-0.2460596,0.031204205,0.15841097,-0.2644704,0.23939009,-0.011128437,-0.28357828,-0.1402901,0.17305048,0.42579192,0.017527385,0.38638338,0.50485367,-0.043397333,-0.0854946,0.6483505,-0.7263902,-0.21840954,-0.19433972,0.16916505,0.0042091543,0.13487959,-0.05756725,0.10404265,-0.2502242,0.7290397,-0.7138667,0.45862833,0.6019918,0.24190587
0.12399688,0.15705033,-0.19849133,0.49823517,-0.137775,-0.3667723,-0.037604637,-0.12392769,0.04771839,-0.13531381,0.07237085,-0.1564787,-0.08818342,-0.14398125,-0.2063205,0.31311202,-0.04892365,0.06940799,0.1458097,-0.2495974,0.41786942,-0.06451496,-0.04352762,-0.13477856,0.086799614,-0.009705299,-0.2847968,-0.019532103,0.059654262,-0.07787514,0.01670388,-0.13598348,0.08529315,0.44274488,0.09160845,-0.0067191,0.13886616,-0.6042073,-0.1096654,-0.074611366,-0.2077915,0.223618,-0.009604994,-0.059609964,-0.118141726,0.32492533,-0.32509613,-0.10140356,-0.05125245,0.3910897,-0.077967696,-0.09417317,0.1517885,0.14132878,-0.15729743,0.30286822,-0.13310748,0.5954258,-0.10098884,0.25317213,-0.23465684,-0.17488934,-0.26503527,0.13897313
-0.22546938,-0.27649936,0.31752625,-0.04077179,0.5279179,-0.32297626,0.087050155,-0.13809636,0.08194736,-0.11831096,-0.087870605,0.104776405,-0.004779329,-0.11270332,-0.67159826,0.35055232,0.32397768,-0.27491042,-0.30369106,-0.764324,0.47917446,-0.32136613,-0.7195806,0.16286725,0.023932273,0.020998958,-0.18480389,-0.51752704,-0.100166045,-0.43159264,0.5552219,-0.2873363,-0.15916513,0.4389728,-0.11742114,0.067150705,-0.6566464,-0.36915675,0.030534301,0.047762457,0.08867771,-0.0049659368,-0.13412566,0.20503439,-0.19293937,0.017298855,-0.44497612,-0.25775132,-0.2565396,0.36945224,0.04986484,0.10581819,-0.10780875,0.05957285,-0.15600342,-0.06957611,0.28539956,0.07433815,-0.37551013,0.22494036,0.12128103,-0.12841767,0.37990057,-0.46417144
0.53235424,-1.2228783,0.8818519,0.88920885,4.3562512,0.053499155,-0.39986122,-0.23538706,-1.9886136,-2.1976624,-1.3527479,0.74321216,0.18793903,-0.42653695,-0.95718324,0.3203403,0.94677144,-0.23755172,-1.7705171,1.1704627,1.3658214,0.09819658,-0.27898473,1.6110016,-1.1443471,-0.4952313,-0.08586169,1.0865122,-0.04335631,1.3803664,1.222974,-0.29970565,1.5854422,0.20126559,0.83362496,-1.5382196,-0.30378506,-1.9960496,-2.1705828,0.47738963,0.079682246,1.2167004,0.2203938,1.1012986,-0.66125876,0.065468624,0.015526236,-1.2310218,-1.7078558,-1.1049315,-0.8978004,-1.0758181,-0.8996157,1.7560211,-1.5243149,1.0651766,2.026428,0.26157004,0.75881445,-0.29758167,0.61286664,-0.10619277,0.2641743,2.4236298
0.93038696,2.2309618,-0.82005185,-2.6074288,-0.14029856,1.735852,-1.8125046,0.07194795,-0.26973984,-0.70189404,-1.0082284,0.16237289,1.2359682,-1.1475269,-2.2670267,-1.4121484,2.6662922,1.4181943,0.67446166,-2.3490002,0.086221516,-0.7709501,-1.1640522,1.0345072,-0.8014303,0.4539012,0.36487895,-1.9948676,1.0162113,1.0703394,0.9958311,-3.0443757,-0.40611145,0.8376618,1.5644715,1.3097516,-0.87995434,-0.085920885,1.3943329,2.6372497,-0.90798426,2.919207,0.48199955,-1.5416185,-1.3138568,2.6647966,-1.7317328,-1.6339417,-1.3418498,-0.8107524,1.4747592,-2.4909859,-1.2685957,2.1564949,-1.4718242,1.8581547,-1.9997352,-0.98025393,0.5310758,1.4436039,0.8808774,0.08427973,-0.9203863,-1.8152238
-0.085844494,0.07106187,0.19531675,0.37584934,0.30255,0.23551588,0.4200966,-0.46608868,-0.33764595,-0.30112797,-0.104251385,-0.036077123,0.028930737,0.019096285,0.06421976,0.15036875,0.32028225,0.24191386,0.27268127,-0.25696233,0.14957885,-0.17488362,0.3342366,0.078395784,-0.19922952,-0.0143075995,-0.41043112,-0.13261943,-0.39683235,-0.043860614,0.20213349,-0.6009571,-0.3686217,0.34956053,0.24371451,-0.2010124,0.64160633,-0.7189028,0.007398462,0.24190544,0.07544109,0.3922796,0.29613099,-0.09780697,0.34846222,-0.19441353,-0.1693541,0.29676068,-0.6516228,0.55899215,-0.3374744,0.20748506,-0.37784037,0.16752325,0.13082042,-0.048580654,0.31292284,0.2522844,0.3297611,0.008473956,-0.17440781,0.39115864,0.55036044,0.46957055
0.26064032,0.12698698,0.067014374,-0.15811338,0.832241,0.65388584,0.4061849,-0.7423367,0.26614016,-0.12184647,-0.61576015,0.21708512,0.09997132,-0.14465043,0.18241265,0.33526853,0.4350861,0.07888295,0.49774683,-0.18142709,0.46700922,-0.13266522,0.12021155,-0.12537962,0.3820366,0.13008364,-0.27479523,0.22230038,-0.031653523,0.33988962,0.5082471,-0.5295141,-0.034346845,0.058766704,0.40575963,-0.044052634,0.17139326,-0.017745363,-0.32233813,-0.0441961,-0.32286274,-0.22273557,0.4683141,0.14806475,0.014557665,0.2977862,1.024504,-0.045257896,-0.06476592,0.16720879,-0.89200103,0.17175797,-0.30955112,0.38745123,0.17484659,0.06995162,-0.46763113,0.039596934,0.17175853,-0.108206145,0.16337311,1.021598,0.26302937,0.13958411
0.31805944,-1.1025931,0.29949716,0.8585461,0.9491505,0.12338269,0.09274505,-0.051275205,0.27150896,-0.3531003,0.8785251,0.99342316,0.5799619,-0.78872204,-0.6374173,0.2604572,0.5593163,0.16807303,-0.14406864,0.22307183,0.7673629,0.215903,-0.082249515,-0.27185315,-0.37456122,0.20117044,-0.018326158,0.23674406,0.14539583,0.7523864,-0.41720593,-0.39830247,0.5688488,-0.54385334,-0.45868927,-0.70015514,-1.4629414,0.36360398,0.46498463,0.5358917,0.86434776,0.61697555,-0.272097,0.10609848,0.48654136,0.50185347,0.37039694,0.0029036768,0.43492824,0.25046244,-1.1665938,-0.7037352,-0.42345452,0.5377376,-1.4057169,-0.32475618,-1.3159173,0.83171135,0.3761118,0.11306901,-0.64717513,0.53311944,0.58705556,1.3716415
0.50985223,-0.13870141,0.33604658,0.12232942,-0.23008038,0.099098794,0.6289244,0.1774491,-0.45891365,-1.4068093,0.21608375,-0.38993812,-0.14127263,-0.057431236,0.088583715,-0.88554376,-1.3811601,-0.4628079,0.14414713,-0.40071353,0.6771784,-0.41839048,-0.741298,0.39204532,0.5609214,1.0138112,0.08285408,0.4786381,-0.481301,0.64291334,0.27567863,-1.1232716,-0.80450666,-0.6128355,-0.29929194,-0.47292233,0.56452024,-0.44220138,-0.44359547,1.3391149,0.4920556,0.19536212,0.30034912,0.3568777,-0.21761744,-0.29750258,0.027846185,0.50919765,-0.9732014,1.6867737,-0.24421167,-0.3594151,-0.14008725,0.267341,-0.006208507,0.28041118,-0.80008465,-0.12718093,0.13707761,0.7645708,0.029321596,0.7130267,0.6919437,1.3310543
-0.05652744,0.060129665,0.26999697,0.097338915,0.33484492,0.63258415,0.10628273,0.3769781,0.15146667,-0.027884126,0.16501606,-0.011665695,0.021352699,-0.049324002,-0.13950534,0.33290276,0.02241623,-0.27179426,0.12113534,-0.15924674,-0.15622145,-0.23698504,-0.31005126,0.15653622,0.04369548,-0.23858161,0.0773438,-0.06954475,-0.27716812,-0.020464687,0.11592229,-0.106350325,0.012607624,0.085214406,-0.35903445,-0.00010956332,-0.55530787,-0.098321766,-0.43608034,-0.108126044,0.006955195,-0.16657406,-0.20629857,0.07746579,-0.23944625,-0.32219937,-0.30454162,-0.16522299,-0.09901776,0.095609106,-0.24789481,-0.0870369,-0.3890157,-0.22203271,-0.08583323,0.11131152,0.37129453,-0.04477395,0.0486905,-0.11282526,0.067446716,0.11493065,0.02598107,-0.30983087
0.8945851,-0.16746442,-0.36229172,0.708746,0.64367354,1.4468234,0.9781766,0.45854586,0.12092153,-0.7289422,-0.087080404,-0.91634226,0.07826261,-0.6116103,-0.92890406,1.3050913,0.5538358,-0.32205254,0.45140246,-1.0686525,-0.48331586,0.49259764,-0.45744744,-0.50726885,0.74851346,-0.49494213,-0.62639517,0.5265481,0.16605149,-0.008070469,0.003968825,0.29231107,-0.13698085,0.03809725,-0.24414149,-1.4087385,-0.9617121,-1.4014281,-0.49125066,0.13765769,0.008075654,0.5494949,1.3599063,0.12680723,-0.35655782,0.41088912,-0.034407232,-0.58486867,-0.24950579,1.0336591,-0.53216755,-0.738598,-0.8581434,-0.1933595,-0.6268171,0.1834577,-0.44134218,1.1599891,-0.64641166,0.04291636,-0.1363438,0.10556127,0.27465227,-0.10933256
-0.00867971,-0.37783918,0.110623434,0.6834392,0.85136175,0.1789737,0.30298364,0.073203996,0.60503775,0.31624615,1.1315433,-1.5725272,0.36848372,-0.048004564,-0.16008925,0.6571537,1.0311389,0.2118571,-0.7766923,-0.74478495,0.049862362,0.29098746,-0.4121161,0.39987338,0.6789154,0.78993446,0.04326312,-0.048075452,0.67968816,-0.31928885,-0.2662722,-0.15676649,0.11942909,0.7228165,-0.17737962,-0.4211012,-0.24316765,-1.1088914,-1.0916876,-0.07654304,-0.59462667,0.68540657,-0.7607883,0.41895515,-0.43747407,0.15287651,-0.73723066,-0.23457637,-0.35587895,1.1301425,-0.026039308,-0.42231464,-0.020129213,0.12964104,-0.95038766,1.1041425,0.0019658243,0.55053633,0.1238386,-0.5762421,-0.26106808,0.3506973,-0.22943756,0.71740615
1.3058196,-0.04036051,1.2937155,3.5169668,0.6099613,0.3502207,0.7730587,-0.44929242,-0.16072088,-0.74093163,-0.87055236,0.046261057,-2.0447836,0.36808637,0.6641247,0.22646558,0.66222167,0.0016802681,0.64262193,-1.4150035,0.3856524,-0.9099408,-1.4509754,1.1427397,3.0585928,-0.58635604,-0.25266418,-2.4801943,1.2383927,0.43128195,2.048975,0.6759065,-0.91532665,-2.005987,0.44563085,-1.2020743,-0.20483828,0.93308693,-0.52325755,1.5037284,-1.4276944,1.1462063,1.1492172,0.003779593,-1.5083544,1.1121268,-0.95170474,0.77989864,1.4061894,-1.92945,0.18165942,-0.5981564,-2.7962716,0.7096652,-0.66322744,0.5012163,1.960218,-0.8289066,-0.10299676,-0.21208368,-1.5332725,-0.29962134,1.6800258,2.9789448
0.0942115,-0.25452593,0.2375697,0.2579452,0.1598936,0.727665,0.19304326,0.29195264,-0.7752537,-0.22603662,0.17211553,-0.005048145,-0.13841622,0.08723976,-0.050064486,-0.20010458,-0.09914802,0.29921633,0.28118,-0.5518298,0.622996,0.31750697,-0.63152075,-0.22031571,-0.8682881,0.49281374,-0.31178117,0.17598969,0.14247979,0.6090269,-0.44981647,-0.11395729,-0.3096766,-0.01401804,0.2765516,-0.3008137,-0.06331287,-0.1248157,-0.24162441,0.54755723,0.14513507,0.25313228,0.36438775,-0.041634828,0.10611395,0.2510909,0.3781524,0.5616209,-0.002681317,0.21176624,-0.2054242,-0.11727829,-0.35565105,-0.15215658,-0.51816994,-0.39620733,-0.45708206,0.0790563,0.31042564,-0.01628511,-0.07624598,0.7301554,0.5303227,0.16219409
0.017018149,0.2023851,0.07092799,0.21897635,-0.27925083,-0.04740683,0.25441557,0.05767419,0.04278232,0.12185111,-0.3418677,-0.06177974,-0.025766738,-0.4471582,-0.19203249,0.24813028,-0.24232492,-0.10034504,0.048944283,-0.081777036,-0.08458769,-0.034503877,-0.03301443,-0.16714868,0.04241916,0.047740124,-0.26716527,-0.050257426,-0.1530311,0.32840273,-0.23761685,0.11941363,0.626669,0.16552131,0.307462,-0.3205408,0.103397936,0.027535731,-0.08963612,0.06383821,-0.0340541,-0.14234655,-0.1619452,-0.16943334,0.32130265,0.4762531,-0.43060103,-0.13530073,0.00083956594,-0.17412145,0.13486764,-0.059729148,0.47273892,0.14609818,-0.5969256,0.2178603,0.030402364,0.39627445,0.2311228,-0.079215154,-0.0018783383,0.09038955,0.24104401,0.26570842
0.030132849,-0.12217674,0.3054022,0.12694624,0.0918988,0.041318234,-0.001218945,0.14624184,0.052493185,0.008791834,0.18464643,0.12919466,0.054810878,-0.08680775,-0.1299129,0.40417752,-0.01450333,-0.1311481,-0.18254216,0.04787652,-0.0077100405,-0.23944034,-0.080814615,0.4168203,0.05628216,0.20323929,0.10278827,-0.12138732,-0.45614925,-0.045817282,-0.328264,-0.24816304,-0.039848644,-0.46648595,-0.5317449,-0.024407553,-0.17192906,-0.13967462,0.23145737,0.1426778,0.06850644,-0.26466632,-0.078576505,0.21100974,0.06409504,0.12967297,-0.25794968,-0.24471453,-0.50778544,0.14977047,-0.31628326,-0.20815757,-0.22626862,0.1935421,-0.038013272,0.0031483378,0.23807566,-0.2897087,-0.16379413,0.31665587,-0.08182146,0.13107905,0.30924103,0.15027536
-0.32420316,-0.05640035,-0.02246944,-0.07890213,0.36268616,0.1421027,-0.0676816,0.119389474,-0.08737612,-0.051788777,-0.04082689,0.17410982,-0.055413537,0.48498818,-0.3810232,-0.4346545,0.33722124,-0.24026366,0.16195315,0.08669133,0.31813303,-0.2632027,-0.14407489,-0.18063363,0.114049576,0.33724108,-0.374419,-0.5735334,0.08746314,0.015200457,0.32447666,-0.15958807,0.13068366,-0.26127392,0.17348953,-0.24658892,-0.38171336,-0.10387222,0.12419339,-0.33488676,0.4895849,-0.10411576,-0.4994058,-0.24504913,0.20296153,0.1362234,0.17899607,-0.10291503,-0.20051095,-0.0007268869,0.12297497,0.4471346,-0.092073955,-0.026013166,0.06335436,-0.29214284,-0.35382822,0.5040163,0.19815655,-0.19870958,-0.21330027,0.08597537,0.11151362,0.056219004
0.08866451,0.04432022,-0.6388948,0.056454107,0.29233432,0.086141594,0.40434086,1.0497401,0.526116,-0.44249204,-0.18322621,0.21930487,-0.14349766,-0.0888319,-1.1234455,-0.7165215,0.71774346,0.8271147,-0.69571185,-0.31584775,-0.097404435,-0.16401023,-1.112988,0.8783193,0.57110405,1.1425133,-1.7196625,-1.0641541,0.2706923,0.12080175,1.2402692,0.31882027,1.428243,0.61904776,0.39905822,0.86771727,-1.4590544,-0.83848435,-0.4394805,0.1574936,-0.53388804,0.05326971,-0.12502292,-0.6577762,-0.8223003,0.5065348,-0.15237811,0.22301269,-1.1057384,0.79400957,-0.41974747,0.34552518,-0.42178527,0.042285983,0.04550313,-0.51747406,-0.3759606,1.6838136,-0.16141245,0.59818524,-0.42801097,-0.6116669,-0.5033199,0.48136315
0.0055430536,0.57797843,-0.66684055,-0.6782993,0.10398822,-0.10617339,-0.16745749,-0.38340828,0.8641783,-0.3613822,0.07161517,2.7765068e-06,-1.8302878,-0.56890655,-0.568725,1.1556003,-0.35855013,-0.38559282,0.22514933,-0.817261,0.60044956,0.051069934,-0.87664354,0.059382744,0.27675602,-0.51442516,-0.40213135,0.89432174,-0.6441472,0.37545228,-0.16076048,-0.44710273,-0.8622397,-0.44966182,1.2749318,0.22822417,-1.140111,-0.29243776,-0.60949266,-0.60259706,0.7180266,-0.14670524,-0.41667554,-0.6383669,1.3860719,0.424263,-1.0019113,-0.8229059,-0.11866351,0.40493715,0.56013054,0.060756836,0.09496942,0.855531,-1.7743129,0.7398811,1.0388632,1.3453203,-0.46672007,0.71400326,-0.49390367,-0.8635733,0.06734945,0.99949336
1.3367829,-0.23405223,0.44448933,0.47339672,1.8575337,-0.6215013,-0.16136383,-0.013275203,0.5934653,0.7623116,0.40347824,0.5220207,-0.7617748,-0.23874824,-1.5557159,1.0026568,0.21590357,0.3134375,-0.18696582,-0.9209499,0.41288745,-0.25789496,0.027248375,0.37875026,0.40537947,1.010319,0.032717966,0.26348397,0.65267,-0.7834882,0.5552807,-0.52083147,0.9939302,0.3472149,-0.426074,-1.148454,-0.8529608,-0.99675304,1.9424584,0.81399965,-0.37600735,0.9755249,1.5959138,0.11102192,0.6222262,-0.39003107,-0.810233,0.10493318,-0.7469418,1.7996185,0.012382478,0.5693619,0.6144146,0.37492296,-1.4313511,-0.5132618,1.2782452,-1.0398412,0.82171553,0.59004587,-0.32183632,0.9404641,0.63419086,-0.22594611
0.19482927,-0.91945386,-0.33123925,0.28612125,0.33624533,0.10492028,-0.34335,-0.42203316,0.18527913,-0.6406554,0.10897971,0.6046727,-1.0439322,0.003080172,-0.38042158,-0.43749243,0.007290637,0.46430063,0.28670186,-0.88906103,0.433024,0.49149704,-1.7771873,0.2759016,-1.2801908,0.09334992,-0.31640035,-0.0410329,0.55050987,0.72875,0.90889037,-0.30591512,0.28816238,0.8992884,0.063289285,-0.5288973,0.70676523,0.13720685,-0.05320301,-0.1165019,-0.5814073,-0.19468918,0.5518285,0.82094115,0.07519878,0.24801765,1.4287355,-0.44486898,0.5356176,0.35206893,-0.36751294,0.032125,-0.84970224,0.37600562,-1.2983377,-0.42601928,-0.61048955,-0.00062304514,-0.6864449,-0.080817096,-0.18585022,0.64232075,0.94305927,0.7259295
-0.5638599,0.8451623,0.31950155,-0.514526,0.1391403,-0.6297971,-0.28201786,0.8041254,0.51330835,1.0124056,0.5651569,0.3176355,-0.001104151,0.37427437,-0.7300041,0.23263556,-0.18894726,-0.5512859,-0.6087419,0.43679175,0.24748152,0.5191815,0.054074362,-0.8849028,0.4881369,-0.67690265,-0.17064008,-0.35559332,0.5473747,0.3857119,1.0406215,0.18487321,-0.3091753,-0.14555456,0.21483836,-0.04422664,0.39653397,-0.24816313,-0.16484642,0.6455816,-0.040090498,-0.087152466,0.49862748,0.7060377,0.31809914,-0.23359291,0.53698045,-0.5118892,-0.41888347,0.0615508,-0.29017487,-0.4519509,-0.6799964,0.47561103,0.21493803,0.5841134,-0.39518592,-0.36980462,-0.085041486,-0.57011575,-0.5019528,0.17385183,-0.11580296,0.2812649
-0.19305985,0.029203882,-0.1398914,0.15612455,0.54308754,0.5260962,0.16845933,-0.32478195,0.44002625,-0.12556113,-0.13210058,0.18752569,-0.10526684,-0.036455523,0.21213469,0.46785423,-0.03927956,0.18163441,0.03652954,-0.30558467,0.0054347035,0.36104357,-0.09850379,-0.24601506,-0.02354473,-0.049678158,-0.31146997,0.31501144,-0.030426307,0.4195593,0.4524738,-0.1678038,-0.23775378,-0.091750264,-0.006365188,0.20952612,0.15286401,0.45191166,-0.09852196,-0.1783353,0.27725908,-0.1010375,0.25166357,0.1365527,-0.1568306,-0.18755113,0.34925982,-0.42545402,-0.25962594,-0.08245571,-0.18689893,0.21862765,-0.28954285,0.5249145,-0.19285825,-0.03698023,-0.17667395,0.08417057,-0.18600889,0.005788396,0.19402987,0.49493754,0.028479017,0.22997351
-0.04628426,-0.05252081,0.036452845,0.009892256,0.3723322,0.57749236,0.107648894,0.25060022,0.3638257,-0.08655994,0.045045216,0.034015723,0.04794177,-0.33675042,-0.12903892,0.32606828,0.03333816,-0.17189057,-0.14346097,-0.3146757,-0.08477533,-0.07277367,-0.25706044,0.11520546,0.118635766,-0.20320868,-0.16090181,0.019018644,-0.41046685,-0.06319413,0.15531929,-0.023288488,-0.16428056,-0.20081219,-0.335242,0.116431735,-0.6585514,-0.028496927,-0.3756107,-0.08080917,0.15632725,-0.21350354,-0.11577842,0.04331582,-0.30777034,-0.31493118,-0.35545662,-0.16860537,-0.23381132,-0.03307619,-0.123575844,-0.07750604,-0.40974614,-0.05043775,-0.2350425,-0.15243213,0.26533526,-0.07129091,-0.09069629,-0.04172429,0.1699883,0.08661696,0.061006166,-0.28449386
0.42889273,0.01556651,-0.0028500753,-0.39347824,0.37366834,-0.068047576,-0.17104964,0.06900433,0.17959215,0.100226745,0.1827351,0.1734312,-0.3356274,0.06820071,0.32439825,-0.21247423,0.0034665253,0.1589054,-0.09200433,-0.12201602,-0.0064529404,-0.13755082,-0.050497,0.14019187,-0.034923352,0.4706285,-0.05529864,-0.16223253,0.098543055,-0.15093169,0.094467424,0.15533671,-0.33813456,0.082675025,-0.20613556,-0.33736464,0.17849986,0.270523,-0.09217419,-0.0409581,-0.15188514,0.18309963,-0.4452205,0.5123835,0.1886853,0.21126242,-0.09674424,0.023067767,-0.13889453,0.43385628,0.41404253,-0.15416801,-0.07797566,-0.2683238,-0.48144156,0.25710642,0.13902049,-0.18650274,-0.2129629,-0.212513,-0.031496566,0.092086464,-0.13273601,0.26989633
0.037711103,-0.43592718,-0.007973189,0.1532835,0.07014337,-0.027165351,-0.35475042,-0.023011835,0.2140033,0.084709644,-0.19922139,0.08444541,0.38599014,0.08313948,-0.2943524,0.0670456,-0.2942732,-0.30119094,0.20731226,0.20553717,0.3481108,0.15310608,-0.34855062,0.08164265,0.06428013,-0.12761874,-0.25070593,-0.055852808,-0.34727502,-0.08816975,-0.024224304,-0.11390293,0.010758191,-0.042070422,-0.2713706,0.19581099,0.36411056,-0.05861676,-0.046790063,0.16723825,-0.2121625,0.24579298,-0.01204421,-0.39193925,0.23991475,-0.28402698,-0.19340992,0.20467769,-0.018548256,-0.28979892,0.11267936,0.2074571,-0.253512,-0.08297396,-0.11629557,0.15895286,-0.15034162,0.10854126,-0.07520872,-0.24262239,-0.31495115,0.19204618,-0.21473508,-0.24149014
0.31523064,-0.90198076,-0.2882658,0.43854585,0.06511367,-0.10544894,-0.3910169,-0.018632432,0.28396976,-0.6374363,-0.078475714,-0.024772996,0.8216766,-0.07060554,-0.44665432,1.1980592,0.26310158,0.058816765,-0.36611593,-0.5521697,-0.5675892,-0.16682655,-0.8966497,0.25012848,1.4891739,-0.018925166,-0.052581955,0.13278061,0.8069586,0.49107194,-0.9045549,-0.5748549,-0.14991455,0.7092334,0.3137839,-0.8331061,-0.39110532,0.17181528,0.44634095,0.27460337,0.4254832,-0.31362295,0.03546616,0.5046922,0.08583167,0.4643375,0.44192097,-0.35353082,0.21158436,-0.43325198,0.30569705,-0.3998431,-0.8408036,0.46036303,0.42440253,-0.32582092,0.42153612,0.4337414,-0.08246707,-0.7214241,0.15177867,0.42190653,0.88776183,-0.92437094
0.50236386,1.177913,-0.70283645,0.2950459,-0.56326187,0.36074165,0.0008335524,1.3468738,0.38982293,-0.5116367,0.31232554,-0.273914,0.64226854,1.6801564,-0.5992376,0.71692324,-0.0033799666,0.14579237,-0.21903251,-0.18373731,0.83192897,0.4717792,0.42236036,0.31978193,-1.9065679,1.0375382,-0.4454327,-0.5081123,-0.48608768,0.33251148,0.3554115,-0.9606574,0.08040365,-0.21944763,0.9993619,-0.31253135,-0.35924932,-0.18805368,0.42395458,-0.029575652,-0.026273511,-0.19224977,0.91002905,1.0376085,-0.1589368,0.559546,0.19576508,1.2687887,0.7904935,-0.31610802,1.2316221,-1.5780053,-1.1697208,0.07438106,-1.1576718,0.13423587,0.4435802,-0.73081034,-0.009053264,-0.3078947,-0.1687304,0.49002007,-0.2176839,-0.37521315
0.4182525,0.4066711,-0.15042695,0.20762789,0.6551291,-0.1613045,0.69015074,1.0349933,-0.9154972,-0.6978705,0.45005575,0.25373825,-0.72018075,-0.15857233,-0.7225388,0.046458554,-0.13806534,-0.00014977065,0.29905695,0.8846529,0.3205256,-0.014019645,-1.3798351,1.038945,0.7443621,0.54690355,0.10306519,0.21861564,-0.20570292,0.31712627,-0.7043048,-0.34648177,-0.7129104,-0.012632118,-0.39330402,-0.01329891,-0.06741093,0.27810606,0.44250643,-0.8244914,-0.4124715,0.13290457,-0.22216402,0.06959485,0.14847246,0.21465889,-0.1449604,-0.6545805,0.014407992,0.028272232,-0.8469752,-1.2093192,-0.62055326,-0.1315277,-0.43512693,-0.39037597,0.35844755,-0.9252242,-0.3501957,0.22194256,0.20253175,0.64568645,-0.1553839,0.088352576
0.25624415,0.30922294,-0.38159177,0.31681913,0.5586614,0.18625717,0.3089201,-0.15713347,0.17249474,-0.14658019,-0.2044838,-0.008705513,0.3169769,-0.10125888,-0.3795419,-0.21785624,-0.19693045,0.15246104,0.10279217,-0.060524035,0.43991643,-0.06306794,-0.19406043,-0.14916244,-0.19386043,-0.12430257,-0.29037327,0.0074680536,0.21048921,0.11483225,-0.19153857,0.4314274,-0.4239962,0.055479478,-0.058635533,0.1415164,-0.46383464,-0.19921061,0.044108376,-0.2600719,0.12083463,0.11426669,0.27851796,0.28659672,-0.20535879,-0.07163487,-0.80830824,-0.29939237,0.080002494,-0.122604676,0.3318472,-0.5327945,0.15736303,0.1202851,-0.7787186,0.15691185,-0.19262113,-0.041574273,-0.16610529,-0.19902466,0.350084,0.106057964,0.21073838,0.623308
0.44353205,-0.046069246,0.1878848,0.23169103,0.09206427,0.10856243,0.031037549,0.05242821,0.15989129,0.24679823,0.49258772,0.040417932,-0.12917423,-0.11888964,-0.4676183,0.32587022,0.31701076,0.35281035,-0.12354851,-0.2596498,0.317993,-0.074421465,-0.094130635,-0.13907416,0.15608393,0.14528282,0.042027198,-0.2746629,-0.4072036,-0.4031409,-0.10956964,-0.12427285,-0.027170625,0.52583545,-0.45180038,0.16361545,0.035333265,-0.42413732,-0.3593023,-0.2737483,0.005383287,0.26771155,-0.32939014,0.18122548,-0.26249275,-0.29707384,-0.2797497,-0.24115679,-0.0011354077,0.31866315,0.033471335,-0.2570818,-0.39978948,0.10862056,-0.1446715,0.0857479,0.37445882,0.18293314,-0.1480475,0.021926746,0.07495638,-0.10165673,0.249233,0.14352798
0.17019638,0.15355742,-0.12613504,0.15452725,-0.4898385,-0.29212767,0.38938916,-0.3909362,-0.32150593,-0.06383977,0.01765714,0.08406749,-0.069433205,0.11819499,-0.26415655,-0.0022330345,-0.00321947,-0.43844283,-0.15865465,-0.110455595,0.3697336,-0.10815788,-0.4625379,0.083231375,0.25370523,0.3166958,0.054605197,0.47556916,-0.049679924,0.19894259,0.16113181,0.15003593,0.049361963,-0.4861584,0.2048306,-0.34748575,0.36703742,-0.3303444,-0.36641645,0.48765445,0.18082109,0.48496523,-0.60450363,-0.13309187,-0.2167219,-0.51769924,0.22651601,-0.19225569,0.15266888,0.34853166,0.31986886,-0.3234133,0.19711871,0.088488296,0.22071733,-0.26327798,-0.17158253,-0.22469877,0.120289,-0.037078924,0.40565667,0.1969388,-0.008917282,-0.3133683
0.09837897,-0.39391086,-0.174748,-0.19281925,0.29690945,-0.038046185,0.08654884,-0.2151252,0.009882182,-0.013906755,-0.1978885,-0.45258355,0.10011732,0.09498746,-0.08334203,-0.1292082,0.23861447,-0.2937868,0.35255262,0.39636135,0.50233984,0.09376595,-0.109282084,0.34086055,0.19888438,0.05857437,-0.024331525,0.224271,-0.09695989,0.11031017,0.10469895,-0.13960515,-0.015422061,0.08672811,-0.13096641,0.3878808,0.32735676,-0.13808638,0.0020362474,-0.075935945,-0.18940026,-0.018267471,0.122400135,-0.2993791,0.234963,0.04613445,-0.23015703,0.33817917,-0.038496006,0.037568666,-0.2998843,0.03141245,-0.14906362,0.06807518,-0.109974965,0.22524811,0.21870704,-0.18190533,0.35437855,-0.3262307,-0.29878667,0.06663939,-0.014387399,-0.017569728
1.6602201,0.067186445,-0.45027456,0.6713892,0.6076113,0.45732594,-0.5259605,-0.07469485,-0.22813891,0.5294685,0.19600254,0.49117255,-0.28632334,-0.73212427,-0.63953966,0.5033622,1.0631984,0.28386635,-0.60861987,-0.38317013,-0.0027337398,-0.08212522,-0.5287434,-0.46027404,-0.6911155,-0.105451815,0.4670347,-0.6025863,-0.37626472,-1.1426715,0.080207005,0.11735826,-0.46633905,0.042566627,0.39523217,-0.6025705,0.38044775,-1.3230166,-0.97651947,-0.43734846,-0.17977399,0.37032443,-0.7912256,-0.57371473,0.19034943,-0.123729326,0.351423,0.10440457,0.06325538,0.4279847,-0.031136971,-0.8715067,-0.6765747,-0.30964652,0.09426601,0.5705498,0.14227502,-0.24654274,-0.08658726,-0.13424774,-0.28259254,0.21565604,1.5112566,0.5812206
0.53253496,0.19901714,-0.041653693,-0.25479475,0.4175356,-0.45301068,0.22809578,-0.41291326,0.08599544,-0.21050638,-0.1715127,0.076903336,0.20544125,0.14039053,-0.36887315,0.12422079,-0.050094917,0.43093067,0.061188016,0.016240211,-0.0773951,-0.1261756,-0.010877294,0.58441776,0.44762555,0.7292265,-0.6531603,0.32992208,0.048762817,-0.37458667,0.16310443,0.0075795264,-0.31121835,0.72882974,0.08270816,0.13151596,-0.040564016,0.0020858105,0.01825487,0.1989069,0.019211326,0.2907356,0.18259686,0.019045059,-0.025049636,0.29059583,0.46514612,-0.04486427,0.27770868,0.24193543,0.16549662,-0.6209593,-0.30801296,0.02567745,0.008642931,0.106094725,0.48930284,0.49376258,-0.030975636,0.018521706,-0.42625603,0.13583076,-0.35201713,-0.15084024
0.16279297,0.2586499,0.43941104,2.061203,2.1197286,0.33349147,1.2369621,0.60307443,0.23211761,0.25366834,1.2445749,0.46116355,0.13166218,-0.19257301,0.73682487,0.51033604,0.98845613,-0.09287162,-0.40484536,0.60241675,-0.49947503,-0.7117916,-0.4812898,0.38771296,-0.08433454,-0.19235876,-0.8824673,0.30541602,-0.50574005,0.10817198,-1.0161723,-0.006114389,0.348385,0.5683501,1.410417,0.49350458,0.9991351,-0.8607727,0.7825534,1.1636719,0.29913402,1.2782687,0.43543398,0.07692243,0.82200223,0.06942568,-0.36278018,0.59967315,-0.40035957,0.24531092,-0.09722975,-0.5555171,-0.80225986,0.62972784,-0.8992583,-0.49131006,-1.5156288,-0.14446801,-0.510496,1.462891,-0.6039938,-0.8079985,0.82435465,0.7822056
0.70757914,0.5700969,2.1407802,0.7180934,0.6476618,-0.8823269,0.4644984,0.6650682,0.87759835,-1.3763896,-1.1508311,0.084721714,-0.084036104,0.9791633,-1.3165544,-0.5607398,-0.22982918,-0.39593735,0.35187614,-1.3457302,-0.30301577,-0.78888273,-0.54512197,-0.07745686,-0.60290086,-1.1367655,0.20070335,0.59601533,0.60382164,-0.34604636,0.05323904,-0.81593066,0.27862108,0.5193766,0.54257,-0.20712495,-0.31737998,-0.5379283,1.1963618,-1.3605462,1.2061965,1.1764679,-0.47574255,-0.5469956,-0.94809985,0.65670735,-1.1338025,-0.17029138,0.56812686,1.1632941,-1.076955,-0.4454132,0.24027602,-0.044629004,0.014690394,0.13034762,-0.6387194,0.5020799,-0.15701284,-0.82787937,-0.9119704,0.8300611,-1.3173823,1.2492838
0.23451649,-0.17667796,-0.05196554,-0.03442067,0.6161791,0.12987582,0.057061892,-0.08355631,0.5727207,-0.3695507,0.06858053,0.06485702,0.13832901,-0.36346817,0.068549484,-0.029888637,-0.033224445,-0.09882811,-0.47376007,-0.056048036,-0.23939312,0.06143221,-0.037361726,0.052479558,0.24384496,-0.1883934,-0.33953497,0.28046858,-0.1248429,-0.22981331,0.06308128,0.34806994,-0.10811937,-0.127736,0.2514923,0.3609166,-0.4999632,0.061371554,-0.041121885,0.31976452,0.010012672,0.23378263,0.5041148,0.19764383,-0.14732063,-0.060012024,-0.055223323,0.13784821,0.018161215,-0.14017527,0.20711671,0.17026813,-0.1025487,0.012350033,-0.29716817,-0.14793698,-0.13330603,0.22861746,-0.0066138236,0.38201672,0.096314974,0.2191888,-0.079120375,-0.3410802
0.63740927,-0.09744984,0.7468738,0.4355252,0.4645376,0.06754574,0.42084318,0.5307539,-0.16635714,-0.14835396,0.09354768,-0.2976933,0.45332634,-0.4392253,-0.666423,0.2864131,0.20236981,-0.20405531,0.088113,-0.53072137,0.49435776,0.13588451,-0.56255174,-0.11773725,0.23795757,-0.115198925,0.19061305,0.19695505,-0.27525008,0.20465942,-0.4587704,0.009691974,0.053507905,-0.7075803,-0.13061261,-0.58319414,-0.65190613,0.021769943,-0.21624334,0.572639,-0.39264753,0.22810161,0.11867822,0.3721186,0.11890448,0.5508588,-0.2583793,0.018874973,-0.4652659,0.39394492,-0.6693408,-0.044144757,0.1251714,-0.06859043,-0.15350507,0.011844956,-0.036426827,0.15997104,0.25322303,0.5289977,0.069273494,-0.04330748,0.65343094,0.14433832
0.24056153,-0.5941702,-0.92509186,0.37926742,0.39614812,-0.021429403,0.6867936,0.52987176,-0.015049871,-0.22701176,-0.74540806,-0.54996806,0.21626374,-0.47346762,-0.21099643,-0.2280381,0.24212669,-0.43364435,0.63858324,-0.10602405,0.5997822,-0.7778047,0.13208179,-0.5604748,0.4144786,0.07219875,-0.41802758,0.259986,0.05682382,-0.72070855,0.8028021,-0.3307301,-0.025996089,-0.3708265,1.3656512,-0.17921425,0.0030670152,-0.7660443,0.10170536,-1.0027413,-0.6335848,0.23054071,0.3681531,0.5776201,0.86867297,0.25981718,0.77898854,0.35954186,-0.65836966,-0.2313951,-0.9434231,-0.73329747,-0.7825853,1.0240082,-0.6625457,-0.13122432,-0.41631886,-0.768734,1.1004193,-0.40664974,0.105002105,0.52376395,-0.17087878,0.8549732
0.0551215,-0.0752464,0.102713354,0.01580038,0.05280216,-0.17163216,-0.0005869112,0.011973174,0.057269707,0.0048638536,0.020582175,0.10042236,0.13681519,0.07191001,-0.106145896,0.009392391,-0.12646265,-0.09414376,-0.15427364,0.07345901,-0.08881616,0.07326266,0.027126066,0.18729787,-0.035342198,0.16779856,0.05534141,-0.010177076,-0.20900941,0.022320637,-0.26536724,-0.05410249,0.055134885,-0.35608315,-0.22398484,-0.0051454827,-0.022973849,0.022320533,0.15979551,0.044872973,-0.08490927,-0.09916426,0.07463941,0.020750374,0.07546826,0.23964453,0.039707106,-0.20305088,-0.28572485,0.10435912,-0.1193903,-0.17286406,-0.0339948,0.099751934,0.09811429,-0.0044867806,0.029005269,-0.15101075,-0.1561416,0.41242847,-0.16572773,0.026306551,0.096884176,0.19522928
0.56693715,0.5636051,-1.0595939,-0.50761354,1.7756999,-0.080871016,0.15660061,0.07454547,-0.62270975,-0.10390551,-1.069649,0.572534,0.47606263,0.09953695,0.874594,-0.29223114,0.09461843,-0.35666594,0.42288908,-1.0178196,-0.90987605,0.26489523,0.14754085,0.496883,1.3516467,-0.20138724,-0.21020469,-0.035668105,-0.18689248,0.34080547,-0.28136882,-1.5291167,-0.25620133,0.5880393,0.16195183,-0.6685251,-0.20000741,-0.2269099,-1.0440158,0.2823602,-0.44227156,-0.51853544,0.1772412,-0.35574463,0.3372916,-0.9542241,0.2268382,0.8327234,0.569441,0.34180695,-0.10427458,-0.54022896,-1.0721474,-0.698637,-0.5821204,0.13260974,-0.08241937,-0.30441982,-0.019852227,0.2767649,-0.4291086,0.29145426,0.3316894,1.0408041
0.10268179,-0.21660477,0.21138453,-0.0096335085,0.15822656,0.035788994,0.38201478,0.20938198,-0.22508058,0.19666882,0.060775105,0.05144099,-0.3378053,0.28643733,0.16411929,0.052821256,0.26533595,-0.1678065,-0.23975693,0.16829368,-0.28174263,-0.20740971,0.04195415,0.057285596,-0.12738265,0.19733498,-0.26225975,0.029956713,-0.15495417,0.031582627,-0.21105765,-0.11160604,-0.03135481,-0.05097335,0.1588398,-0.16107114,-0.047125805,0.16381565,0.017438415,-0.12118128,-0.2632057,0.0007198185,0.19647576,-0.15296994,-0.039507408,0.10017111,-0.04637547,-0.438096,0.1765159,0.06328825,0.2938768,-0.07403224,0.18634763,0.40502304,0.342343,0.0627843,-0.15515454,-0.13738188,-0.22593188,0.096801825,0.1087456,-0.053987265,0.02237034,0.14732726
0.12953198,0.4311017,0.09957919,-0.25363386,0.6091469,0.29767665,0.97334254,-0.54358405,-0.07881716,-0.3427014,-0.04715598,-0.3161142,0.11690838,0.047792785,-0.7482505,-0.09602117,-0.32539794,0.1306399,0.7532957,0.20248142,0.0989263,0.06380764,0.33286873,0.29722798,0.16373713,0.4374032,-0.44920662,0.17672445,0.45158184,0.49636057,0.0064524473,0.031344313,-0.11866322,0.36128348,0.24784003,-0.5299397,-0.18535732,-0.3561218,-0.08181264,0.16827513,-0.43809295,-0.2632418,0.7494403,0.08706866,0.2596603,-0.38177454,-0.65611005,0.10808913,0.42648995,0.29240954,-0.36123914,-0.5854072,0.48650035,0.4179697,-0.53843445,0.14153285,-0.3388988,0.10346123,0.33526483,-0.08746094,0.06891619,0.57052666,0.047981717,0.33993223
-0.05368914,0.32063645,-0.13748255,0.34849975,0.039338283,-0.3204624,-0.17880403,-0.203062,-0.04919099,-0.27826238,0.035725024,0.019255562,0.0092830835,-0.0141713,-0.18598324,-0.16629024,0.033566806,0.19321422,0.07781515,-0.24359137,0.5030968,0.13257484,-0.052164476,0.16599831,0.013275687,-0.3664857,-0.28756353,0.04490096,0.014428547,-0.11111637,0.10164458,0.02690642,0.11930836,0.45465624,-0.19836633,0.17734319,0.19548038,-0.6123494,0.17286178,-0.16815558,0.0628924,0.25351262,-0.027823674,0.0616037,-0.07872347,-0.10179024,-0.028983261,-0.084627315,0.022770323,0.22366716,0.048020806,-0.09944261,-0.2083069,-0.0026772884,0.12401179,0.25537986,0.110760055,0.24733244,-0.15134275,0.22010417,-0.21385865,-0.25755587,0.015859686,-0.19260825
0.18870199,-0.8625174,-0.2230665,0.06650568,0.44569325,0.43950114,-0.028968498,-0.09959083,-0.12802628,0.16314432,0.034938622,0.21078306,0.31438506,0.0006740126,-0.15456076,-0.26417848,0.26358098,-0.044123746,0.3265317,0.8792314,0.59950167,0.45750105,-0.44510514,0.41274345,-0.115590915,0.104255356,-0.0032622847,0.8369573,0.38447994,0.9171584,-0.06691939,-0.11243886,-0.40530702,-0.062486026,-0.498444,0.1913907,0.06435544,-0.06388514,0.5070739,-0.0034529294,0.042682506,-0.24277647,0.3763738,0.17096598,0.0667522,0.79635566,0.026843648,-0.36675698,0.3390645,0.19695765,-0.52286774,-0.8802007,-0.33689067,0.30848598,-0.6736428,-0.13591516,-0.041411534,-0.06467212,-0.13484687,0.2105826,-0.5926364,-0.04004599,0.5244925,0.26040822
0.06828731,-0.103350125,0.35427666,0.35747477,0.24778815,0.6011708,0.22376156,0.42937353,-0.07513427,-0.15585425,0.36761114,0.06249535,0.123872384,-0.26256898,-0.3966969,0.07054227,-0.17958418,0.07804037,0.21892387,-0.12439921,0.35944372,-0.26359367,-0.33014557,-0.10584408,0.06684987,0.106340714,-0.030513149,-0.15689032,-0.18198988,0.22978155,0.045698926,-0.12455416,-0.59087205,0.024769459,0.011604785,-0.02254659,-0.15890153,-0.12099866,0.034066647,0.008629003,0.29546082,0.075881794,0.026907824,0.15358546,0.10701862,-0.19807395,-0.32080522,-0.0012681084,-0.164334,-0.046022233,-0.09012871,0.059473347,-0.08357598,-0.13204275,-0.20918009,-0.22869655,0.12173517,-0.20754889,0.0055231205,-0.2800954,0.1147557,0.032472473,0.2783804,-0.11040831
0.89558226,-0.45952588,0.75726175,-0.29252315,0.065259635,-0.058053646,0.7593232,-0.38478595,0.81936914,0.68571067,-0.061733652,0.8801666,-1.144097,-0.07941025,-2.5030947,-0.33222184,0.04084085,0.6984737,0.57736534,-0.39366594,0.09893303,0.5442195,0.41063604,0.5820014,0.42428082,-0.56178164,-1.1822321,0.96791095,-0.84658736,-0.39550778,-0.072537385,-1.2261934,0.10444,0.30407456,-0.47273296,0.08002158,-0.06250389,-0.05054508,-0.8371514,0.29565847,0.37940288,1.5215635,-0.4290432,0.4705847,0.13524969,-0.5513135,0.040351424,0.08079405,-0.49160764,-0.41909763,0.9781847,-1.1766869,0.20773867,0.3114317,-1.15312,-0.95869,-0.43861696,1.7396035,-0.10222995,-0.59666574,0.08131494,-0.8377468,0.32226104,1.3325759
0.4343098,-0.087341785,0.18132825,0.72374827,0.80951595,0.28112966,0.1003005,-0.15507919,-0.5719074,-0.93046695,-0.38452974,1.5032889,-0.35554853,0.40670627,0.4506287,1.1763808,0.1821029,0.26895824,0.36698383,-0.117783904,0.7860863,-0.65009224,0.9128363,0.078942455,0.072465666,0.75395167,-0.7582343,0.40523326,0.047187626,0.66128826,-0.08431771,-1.1054806,-1.0357356,0.075968064,-0.20163096,-0.74204046,0.3952788,-0.39915028,-0.119251646,0.35685027,-0.0022648664,0.3791944,-0.22515298,0.08047201,0.3846354,1.0112891,0.4547415,-0.5201716,-0.24759659,0.7540736,-0.5810213,-0.21700925,-0.91755825,0.29375777,0.50834686,-0.09348852,-0.28616667,0.8914446,-0.2712234,0.8944951,-0.9326405,0.32754675,0.42758444,0.6774943
0.84481245,-0.032876417,-0.38882157,-0.56249446,-0.21495041,-0.55247515,0.88970405,-0.826794,-0.40449944,-0.76284313,-0.046359397,0.3153208,0.63824207,0.6769446,-0.48036188,0.8443457,0.2857876,0.3623135,-1.1890069,-0.08052987,-0.3639086,-0.84854025,-0.7949079,0.18928222,-0.15092085,-0.75195426,-0.9071851,-0.72943115,0.6602378,-0.9192831,1.005737,-1.5993963,0.2121424,0.10829725,0.13084804,1.0708711,-0.4615866,-0.7582728,1.1586396,1.120428,-0.003955924,-0.1992294,-0.7384826,-0.73286635,-0.40410945,0.99345315,-0.5481408,0.0059340727,-0.9400205,0.029620392,-0.50622857,0.0021098915,0.05335328,-0.057568498,-1.2997319,0.050057393,0.0131030865,0.51065767,-0.6319035,-0.49128383,0.934518,0.14947866,0.545873,0.19139926
0.13906038,-0.27163494,0.12611476,0.0463732,0.09121999,-0.10171093,-0.13892244,0.04284276,0.11160774,-0.06406356,0.093397066,0.16510138,0.045305997,0.3558938,0.21296494,0.22128151,0.12574135,0.036790438,-0.31615385,0.23259027,-0.019183794,-0.012656628,0.11943215,0.48885164,-0.2431866,0.19864027,0.053030666,0.11196016,0.033512443,0.07881379,-0.43581015,-0.119799145,0.11345056,-0.58513296,-0.29457915,-0.14307569,0.049594536,-0.18513808,0.28977212,0.355176,-0.017484894,-0.13297856,-0.1779311,0.30172873,0.13114774,0.4204516,0.05274633,-0.2268419,-0.46732825,0.20465662,-0.15528229,-0.3835681,-0.15218237,-0.042050637,-0.19428241,0.024302397,-0.04977892,-0.07885122,-0.22661912,0.41830102,-0.3410555,0.17686087,0.3430324,0.27950504
0.010378279,-0.3999499,-0.54760665,0.064782694,0.2511325,0.39523423,-0.063730374,-0.24963778,0.16853368,-0.26688,-0.2677956,0.2623181,0.19566752,0.1789315,0.4114163,0.16120872,0.41167125,-0.026936833,-0.37858143,-0.17607364,0.42357752,0.53464925,0.35066062,-0.27551866,-0.019683305,-0.18281075,-0.5161334,0.5541668,0.15256274,-0.019429347,0.13820593,-0.19777797,-0.065756135,-0.82169557,-0.07554189,-0.2119064,-0.7013712,-0.3702543,0.15746361,0.26396662,0.58646554,0.20339589,-0.43789056,-0.109976456,-0.040593244,-0.43233815,0.07568091,-0.47766694,0.81561863,-0.09010213,0.37430525,-0.11824043,-0.26915386,-0.361635,-0.3783666,-0.17289406,-0.392904,-0.07947959,0.3004606,0.27077574,-0.13040224,0.5879484,-0.34265232,0.23736086
1.4891996,-0.2033121,-0.44051465,0.21309803,0.7077183,0.70447826,0.508205,1.4393675,-0.9249418,0.042903516,-0.8876156,0.71128803,-0.015015153,0.7737583,-0.7484762,0.08742941,0.2711446,0.14740928,-0.16972207,0.7224907,1.4431547,0.68457794,-0.3243071,-0.7797879,0.843426,-0.009062537,0.11460758,0.4884924,0.29868203,1.2310461,0.24845019,-0.36309674,0.6770044,-0.10068305,0.94109553,-0.7567698,0.42773765,-0.5232593,-0.3670542,-0.15534994,-0.36866117,0.17823863,0.83794826,-0.09890377,-0.9704472,0.112435944,-0.8125209,-0.053275038,0.4668153,-0.47201902,-1.096575,-0.60934424,0.4858935,-0.12009033,-1.1862782,-0.25421956,-0.53188944,-0.41461042,-1.499461,-0.04648642,-0.0064346017,-0.6393781,1.073108,0.9941254
-0.20998265,-0.12564479,-0.43032682,0.18414524,-0.09060533,-0.0074866116,0.113002025,-0.14631507,-0.45908228,-0.08448212,-0.0606688,0.028708497,0.09252605,-0.013919065,-0.3317647,0.29801628,0.19926348,-0.39315605,0.21492618,0.018433213,0.1623959,0.34525782,-0.31021145,-0.034943264,0.020680796,0.14789015,0.10176269,0.18830717,0.12599523,0.07665253,0.018832957,-0.031677175,0.17266028,-0.49928156,0.05286451,0.118128315,0.18814208,-0.25167134,-0.009641611,0.41957355,0.073929906,0.58862466,-0.17863433,-0.30993757,0.063874476,-0.26237267,-0.044779528,-0.023122048,0.60034144,0.22122715,0.44050393,0.12512967,0.12616262,0.11288014,0.33498025,-0.071375504,0.060991313,0.055504423,-0.05224915,-0.055978224,0.059057966,0.29878005,-0.23107196,-0.11454581
-0.14582619,-0.0580094,-0.011036523,0.24483359,0.22122103,0.36224353,0.33863902,0.102430716,0.18011263,-0.039805334,0.3713724,0.024490053,0.08952882,-0.1139296,-0.15440923,0.0496762,-0.2765287,0.030083653,0.23232068,-0.010465374,0.04982396,-0.057638034,-0.52428323,-0.1995771,0.13945936,-0.045430105,0.02405969,0.08788707,0.2905324,0.43433943,0.49499658,-0.186074,-0.23587228,0.12686831,0.027395522,0.3946098,0.2981423,0.11266275,0.08054566,-0.1934229,0.23969983,-0.08360539,0.17086191,0.27506605,-0.077133805,0.030631365,0.28723553,-0.120134614,0.19611913,-0.050341465,-0.17638575,-0.10090708,-0.11141445,0.4881685,-0.15836763,-0.14492227,-0.24619871,-0.3088671,-0.2219553,-0.016426973,0.050294764,0.380638,0.11774928,0.2064111
-0.53683376,0.055439066,-0.39096284,-0.10017183,0.45723432,-0.43690345,1.271275,0.5350697,0.46278584,-0.3357805,-0.23400496,0.78621024,1.4204993,-0.42950466,0.12694064,0.62183183,-0.034337487,1.129224,0.34631112,0.07395941,0.6705473,0.20912848,-0.95218694,0.65078455,-0.9176368,-0.22112063,0.24162228,0.28053376,0.026311483,0.18554953,-0.34200245,0.14549427,-0.47851261,-0.5465469,0.606816,-0.025880177,0.063229665,-0.3168344,0.120603874,-0.43709695,-1.1509132,0.5584733,0.49226573,-0.46169087,0.6425089,0.40483832,0.34937528,-0.61757666,-0.3370036,0.17337158,-0.092958786,-1.3897386,-0.64240474,-0.84665173,0.71269506,-0.35014734,0.26993704,-0.06622997,1.3648748,0.16612908,-0.8116037,0.8419126,1.6379184,0.9344827
0.28347126,-0.3518508,-0.05595593,0.21890748,1.0156219,0.23347366,0.27966642,0.33663577,0.16304927,0.4419371,0.15695775,-0.66293967,0.22196282,0.68641335,0.41634312,0.30576992,-0.0915576,0.5098219,0.5646455,0.041619662,0.81677014,0.39555913,-0.6140656,-0.09491234,-0.44351232,-0.37209573,-0.1936618,0.37391707,0.7326165,0.24899459,-0.0031167872,0.26976636,0.0635265,-0.5150236,0.51801777,0.30891395,0.13875906,0.37955236,-0.07848935,0.1395202,0.210667,0.32770997,-0.4572502,0.5028495,-0.1488868,0.3100048,0.24610476,-0.1298509,-0.28558913,0.017165856,0.0014549786,-0.27246952,-0.243483,0.3396015,-0.40204808,0.11518439,-0.052522477,-0.21323156,0.018800061,0.08725255,-0.17994511,0.36431384,0.26406893,0.20058408
-0.03327957,-0.40260473,0.24892443,0.26704824,0.30183432,0.43632668,-0.23941973,0.19187556,0.09175474,-0.07544938,-0.20978913,0.32873133,-0.36853844,0.08792615,-0.31799877,0.019449586,0.032606907,0.34920523,0.21996894,-0.16043098,0.063232765,0.11754293,-0.4762538,-0.2934863,-0.1445748,0.019777756,-0.27865368,0.3178451,0.12848367,0.4057203,0.59725416,-0.041416474,-0.2432467,-0.107410744,0.5382818,-0.11375274,0.4573897,0.36568376,0.124543786,0.35709047,0.26667613,0.11963002,0.13330707,0.24860084,-0.09879449,-0.35359928,0.16240388,-0.06248632,-0.59312147,0.14919136,-0.25593978,0.38648865,-0.0161752,0.22983395,-0.12930118,-0.16933948,0.03577523,-0.10240738,-0.22904208,-0.018854644,-0.19441836,-0.14870399,0.12881836,0.16216822
0.12263979,0.022776768,0.422888,-0.14401583,0.50706977,0.05183167,-0.16820176,0.28201514,-0.054970223,0.03320245,-0.06320741,0.21947575,0.038035605,-0.077328086,-0.110818535,0.272873,0.13887843,-0.06823582,0.10138725,-0.31250548,0.26734382,-0.35129547,-0.24201104,0.3025325,0.06285892,0.22254062,0.16949157,-0.14875226,-0.34730023,-0.17584775,0.23375331,0.14714853,-0.21100117,0.22360864,-0.26624465,-0.17041062,-0.10482394,-0.031099094,0.007322345,-0.25188094,0.10549611,-0.3102042,-0.16953063,0.30243734,-0.043816432,-0.116015755,-0.5809594,-0.16610946,-0.17675643,-0.093468755,0.057055604,-0.05368367,-0.1801512,-0.20013383,-0.55087984,0.108255036,0.25303254,-0.43254694,-0.30752593,-0.2559812,0.4208339,0.28609934,0.12748036,-0.21139114
-0.15538824,-0.07691343,0.26134226,0.25041133,0.5797326,0.48680443,0.18926753,-0.0030738823,-0.24900512,0.297734,-0.023446048,-0.057764325,0.306482,0.17434984,0.1443675,0.7467081,0.32850918,0.16248186,0.25250018,-0.52395767,0.42781988,-0.07402605,-0.42870513,0.2020829,-0.3808395,-0.11767137,-0.06744885,0.005871831,0.110486716,0.3247129,-0.29762107,0.22693418,-0.11226822,0.00046269107,-0.40951848,-0.23149197,-0.3251788,-0.10336807,-0.17603385,0.28700906,0.42537376,-0.34636787,0.1429823,0.34803644,-0.42363495,0.39036408,-0.04446511,-0.2676811,-0.03867949,0.003501564,-0.06692241,-0.17695066,-0.15705206,0.15672025,-0.5842379,-0.093737565,0.21243374,0.11587977,0.02200159,-0.32891318,-0.06220886,0.73454624,0.48684797,0.054750837
0.07927344,0.5052845,-0.32559937,-0.167717,-0.10343019,0.3798424,0.014724132,-0.0468902,-0.21966487,-0.09937418,0.012886645,0.08970803,0.050690584,-0.058134325,-0.22645052,0.45565927,0.15110642,-0.25457427,-0.010158272,0.04012529,-0.028857918,0.1335379,0.022187574,0.36720902,-0.23194288,0.38606822,0.28108376,0.1098508,0.20391962,0.486808,0.29459903,0.103904806,0.092841625,-0.6940639,-0.08196915,0.21145667,0.23124395,-0.10677757,0.09252679,0.14150003,-0.03856886,0.804719,-0.12252453,-0.2547761,-0.04654468,0.053016722,-0.013104251,0.25316635,0.5445039,0.13470112,0.20394902,-0.0089660315,-0.20288122,0.24939136,0.050108287,0.01712355,0.087379344,0.21104431,0.110721596,-0.15448876,0.32262683,0.19607756,-0.40067932,-0.07374559
-0.062667936,-0.04353531,0.06271405,0.23959982,0.09422034,-0.30369765,0.053203452,-0.08016042,0.027707068,0.08485179,0.12601815,0.08016517,0.042383775,0.12095497,-0.35699773,0.10325715,0.31752193,0.07232784,-0.038104605,0.15595996,0.27800623,0.003448553,-0.13663422,-0.28561643,0.1593289,0.2431378,0.18332697,-0.5374878,0.04085631,-0.056266725,-0.08392397,-0.38564208,0.73564297,0.074276246,0.21071045,0.05475188,-0.49654853,0.097993836,-0.19680613,-0.31731907,-0.01233772,0.23277575,-0.11245645,-0.17673974,0.22342187,-0.02052788,-0.112737976,0.0053497683,0.07654203,0.33441722,-0.11894528,-0.14824238,0.19512026,0.21396981,-0.4783154,-0.05866529,-0.35443056,0.48066503,0.022941744,-0.055526294,0.36471957,-0.2449802,0.175616,0.413646
-0.062667936,-0.04353531,0.06271405,0.23959982,0.09422034,-0.30369765,0.053203452,-0.08016042,0.027707068,0.08485179,0.12601815,0.08016517,0.042383775,0.12095497,-0.35699773,0.10325715,0.31752193,0.07232784,-0.038104605,0.15595996,0.27800623,0.003448553,-0.13663422,-0.28561643,0.1593289,0.2431378,0.18332697,-0.5374878,0.04085631,-0.056266725,-0.08392397,-0.38564208,0.73564297,0.074276246,0.21071045,0.05475188,-0.49654853,0.097993836,-0.19680613,-0.31731907,-0.01233772,0.23277575,-0.11245645,-0.17673974,0.22342187,-0.02052788,-0.112737976,0.0053497683,0.07654203,0.33441722,-0.11894528,-0.14824238,0.19512026,0.21396981,-0.4783154,-0.05866529,-0.35443056,0.48066503,0.022941744,-0.055526294,0.36471957,-0.2449802,0.175616,0.413646
0.18571398,-0.4087907,0.032615714,0.20173736,0.3149736,0.35472637,-0.19890256,0.1673058,-0.018991005,-0.33636928,0.41448554,0.48633078,-0.08323758,-0.10155763,-0.26623806,0.89020276,0.23073383,0.013353446,0.14350677,-0.6975937,0.12632051,-0.4264226,-0.18573797,0.5482324,0.26396206,-0.038837608,-0.34552532,0.28080714,-0.038080834,0.070194244,-0.3488097,-0.37770918,-0.12873435,-0.27399224,-0.9572968,-0.30040354,-0.41941732,-0.35950997,-0.037868343,0.4400084,-0.31384647,-0.31313935,0.09587294,0.82234126,-0.15574649,0.4199069,0.18817353,-0.2290999,-0.1631034,0.7750015,-0.575053,-0.34244525,-0.747343,0.07453318,-0.3137947,0.1278521,0.13682854,0.3109641,-0.53960097,0.72716564,-0.6660854,0.3002285,0.5098746,0.011355622
-0.30308697,-0.22783604,0.12789626,0.2562424,0.21717127,0.037332058,0.76487553,0.306164,0.18794513,0.02584165,0.32813445,0.140665,0.10133362,-0.27546936,0.40174258,-0.4341745,-0.36687836,-0.23758169,0.2638421,0.28862512,0.40087193,-0.43641132,0.1027751,-0.11014303,-0.26499894,0.12899962,-0.3595604,-0.08074784,-0.0037734166,0.28225544,0.2991981,0.31085178,-0.3819615,0.34622505,0.051155847,-0.09864472,-0.19203094,0.019780323,0.39050567,-0.022868747,-0.30647638,0.24992722,0.005801158,-0.038399898,0.17739062,0.11272489,-0.2811606,-0.3529871,0.3131239,0.12918648,0.6022305,-0.51195806,0.005919872,0.23671661,-0.008272289,0.08599577,-0.3962951,-0.20033474,-0.3217446,-0.14178295,0.36388662,-0.03237288,0.55732894,0.05962696
-0.25192094,-0.09775608,0.04602138,-0.27338392,0.041230313,-0.24277581,0.47744974,-0.23629308,-0.43958175,-0.36431003,-0.25960672,-0.10331418,0.03361213,0.26743385,-0.28400135,0.003132195,0.030716589,-0.23040344,-0.115668185,0.12667765,-0.0619365,0.09442882,-0.7469792,0.12652178,0.06085549,0.23079973,0.17005734,-0.19704226,0.5609582,0.07312494,0.5878872,-0.38819867,0.15277654,-0.44709215,-0.101140015,0.502736,-0.19422959,-0.14926107,0.049407832,0.12898773,0.4812836,0.38251397,-0.32275546,-0.21876356,0.17776956,-0.26589528,0.39059737,-0.08134295,0.40607363,0.5508965,0.34217843,-0.12095581,-0.05848582,0.13487795,-0.10539715,-0.20646325,-0.057938304,0.11276313,-0.25649637,0.03713748,0.350634,-0.003436407,0.054612536,0.19871509
0.47712725,0.028198844,-0.3372472,0.09044928,0.36011675,0.2658434,0.08699455,-0.048344836,0.64940095,-0.1670103,-0.025619034,0.26204932,0.03103189,0.05861557,0.010168965,0.04539926,-0.04522855,0.03373246,-0.49965158,0.19354762,0.04120576,0.3520479,0.060747314,-0.27990487,0.12528832,-0.07214014,0.3108018,-0.028511316,-0.31428555,-0.09340891,0.23509681,-0.31615308,0.2982067,-0.1673993,-0.41574547,0.059171166,-0.42803416,0.09358016,-0.48298383,-0.050466444,0.28699294,0.4753007,-0.05242082,-0.31591985,-0.39680704,-0.71797824,-0.30530787,-0.11256977,0.40214244,0.21996163,-0.19852826,0.037355132,-0.090906024,0.15034948,-0.45296285,-0.16946416,-0.21931492,-0.10473806,0.3754643,0.45842054,0.23440579,0.2708724,-0.025223348,0.03266979
-0.10595226,0.007315131,-0.09846123,-0.6518911,0.09376491,-0.33990717,0.10428169,-0.301868,-0.4816708,-0.026993915,-0.18259759,0.048775017,0.15136047,0.14054805,-0.5281939,-0.113230474,0.2077275,0.38830194,0.036084924,0.15813304,-0.026219517,0.0767353,-0.31987512,0.4199923,0.29019523,-0.11129315,-0.44932646,-0.32089856,0.46366325,0.17480627,0.18390182,-0.267857,-0.048828997,0.059749722,0.15960468,0.2600338,-0.56186527,-0.052352656,0.2256482,-0.11555927,0.27355438,0.12983322,0.033001535,-0.1784624,0.13920029,-0.1428365,0.049611,-0.056190893,-0.019375449,0.37646863,0.076694414,-0.2619504,-0.21349438,0.1822556,-0.17160831,-0.24115488,-0.061589707,0.18554091,-0.30050325,-0.097720824,0.112877764,-0.5417612,0.12240321,0.09238793
0.5309163,-0.55987626,-0.08993144,-0.088958696,0.18892953,-0.08444789,-0.20932835,0.20428032,-0.1095698,0.34709293,-0.18870202,-0.17234677,0.17995583,0.022226581,0.23865712,-0.027181035,0.5569138,0.25995618,0.10333513,-0.29869774,0.3041074,0.38229245,-0.35986984,-0.115197934,-0.13246667,-0.33175674,-0.006665891,0.45516026,0.17659235,0.4640757,-0.35968432,0.18069166,0.20922725,-0.080364384,-0.02005375,-0.42501768,-0.2378242,0.10889896,-0.09221309,0.4115116,0.15162443,0.18774736,-0.017225856,0.27900866,-0.069413885,0.48491946,0.44260958,0.19360633,0.4618517,0.19206518,-0.54585254,-0.316112,-0.11375926,-0.15844397,-0.28391635,-0.076426305,-0.22566302,0.19520898,-0.12206243,0.041251846,-0.35651746,0.2975885,0.39099154,0.26719344
0.48637885,0.41740346,-0.14095789,0.08764482,-0.2742467,0.34136415,-0.024550853,0.17569892,-0.030054906,-0.2639285,0.10246019,0.036256563,-0.051687323,0.16326885,-0.07530525,0.34501877,-0.14562619,-0.012021803,-0.32494044,-0.16856848,-0.080578506,-0.11978682,-0.0059866677,0.5821071,-0.34413064,0.45472625,-0.0013910155,-0.12578292,-0.013605411,0.5292417,0.44256637,0.13971895,-0.061813116,-0.3548192,-0.057055626,0.11896598,0.12204173,0.092746,0.1504607,-0.16205664,-0.33682808,0.31834996,-0.12030061,-0.1372314,0.2607134,0.14599858,0.07718977,0.50482017,0.25176397,-0.15608254,-0.18307999,-0.09098211,-0.28208667,0.31163964,-0.18274504,-0.04891686,0.05681651,0.25549093,0.2474832,-0.25294888,0.30100262,-0.013430575,-0.3229021,-0.08061988
-0.28515595,-0.12807484,0.1261836,-0.2861223,0.10650405,-0.19499701,0.12860084,-0.41504353,-0.3695172,-0.012370152,0.10840818,-0.036692053,-0.37329128,0.29195684,-0.39023736,0.12141208,0.3576123,-0.18179546,-0.030358743,-0.10552069,0.14035572,0.03017395,-0.34303376,-0.006738468,-0.2568035,-0.06879894,-0.08733995,-0.6209758,-0.12185817,-0.14187308,-0.112980306,-0.30215093,0.009860181,-0.17311865,0.2237721,-0.04025995,-0.4261722,0.25107777,-0.18053618,-0.41274077,0.31908196,0.07153503,0.09452574,-0.17423499,0.18472534,-0.082846485,0.30560485,0.19530576,0.012943971,0.20093277,0.042417534,-0.07332757,0.18994403,0.26978353,-0.03140745,0.030779317,-0.26082686,0.102909945,-0.03761728,-0.0976451,-0.019016454,-0.32687655,0.244778,0.13503695
0.9619709,0.23699468,-0.24224254,1.5659479,1.2708702,0.824367,0.5356097,-0.5609901,1.0200827,-0.7444948,-0.9296722,-0.0058751735,0.0121183945,-0.17106307,-0.20079379,1.261145,0.7572574,0.4371925,-0.0908881,-0.7356595,1.4562441,1.1481493,0.5237412,-0.21227908,1.2032124,0.8115167,-0.9654272,0.25634998,-0.3050916,0.16698827,-0.25803822,-0.14879638,0.52491796,-0.05454777,0.10425562,0.61086047,0.19116671,-0.23647311,0.04003963,-0.7898992,0.80215746,0.5793847,-0.17798525,0.47546127,0.30946764,0.38323078,0.84824276,-1.4739206,-0.96836823,0.82029474,-1.1898654,-0.37911415,-1.0212573,0.3233598,-0.2637295,1.0221752,-0.43290162,0.2573292,-0.87473327,0.33150366,0.33775124,1.304094,0.29340312,0.7844834
0.34165472,-0.32935172,0.28135782,0.26886702,0.30288553,0.40871996,0.07847303,0.53013366,-0.29657,-0.19191274,0.11374421,0.14789537,0.20748203,0.27426195,-0.35477033,0.3499579,-0.019537821,0.14642635,0.09992117,-0.34865797,0.54644746,-0.020153843,-0.158761,0.2852805,-0.07175056,0.077712506,0.117608614,0.02878785,-0.29036042,0.20196907,-0.70599365,-0.12308793,-0.17245725,-0.6717359,-0.1355938,-0.24689841,-0.31616095,-0.24462032,0.033778287,0.26496816,0.20440526,-0.10979476,0.11540097,0.4000007,-0.0063082585,0.20052736,0.05939844,-0.21518253,-0.54866654,-0.016124997,-0.42693442,-0.16432625,-0.26953182,-0.3125297,-0.16382587,-0.19254862,0.14578764,-0.14113434,-0.24937561,0.2756424,-0.299271,0.09424134,0.50277936,0.093063965
-0.33258042,0.22699335,-0.39187106,0.4482051,0.7694979,-0.12847154,0.7943559,0.56860936,-0.31113553,-0.06333454,0.4822613,0.7656668,-0.005673185,-0.17157786,0.15044929,0.1814869,-0.35403803,0.15039076,0.23233326,0.3013941,-0.0239623,-0.23638566,-0.18633737,0.25579485,-0.084151305,0.22492497,0.23352748,-0.29436237,0.0568948,0.25918785,-0.07862722,-0.21432634,-0.6277862,0.38415194,0.39500055,-0.034592282,0.04721166,-0.087413706,-0.010216584,-0.12172417,-0.33452398,0.3747736,-0.29027772,-0.56662184,0.018279875,-0.11177171,-0.13641867,-0.49941742,0.5794309,-0.35578254,0.27135035,-0.1164639,0.10273426,0.018308109,0.18591993,-0.417461,-0.30838716,-0.2188225,0.053401686,0.11724823,-0.20939097,0.27069697,0.43776533,0.31229168
0.19032693,-0.46494165,-0.29919538,0.12735415,0.059879754,-0.17079912,-0.13620448,0.18857802,-0.4275378,0.059714552,0.013543447,-0.31835443,-0.13860513,-0.21195066,0.28243208,-0.15415496,-0.29591998,-0.23613106,0.3799137,-0.27936628,0.51997894,-0.21272711,-0.2845262,-0.17286848,0.39912072,0.3018356,-0.06012541,0.29508808,-0.09764063,-0.061192814,-0.049642812,-0.0025475211,-0.007424118,-0.04026336,0.16804323,-0.2448575,0.07237305,-0.3500993,-0.3282092,0.25554818,-0.16735621,0.23661368,-0.041026488,0.012014699,0.13950826,0.7531932,-0.20529424,0.5405289,-0.15506046,0.5190279,-0.26561925,-0.41086704,0.01669104,0.03917532,-0.6559478,0.37986508,-0.5278031,0.53633624,0.31808344,0.2542367,-0.26713365,0.10179339,-0.29783925,0.66426474
0.2091941,0.22528669,-0.7237135,0.114199355,1.384173,-0.8458636,0.53811693,0.078017056,-0.7590773,-0.96604663,0.9227551,0.8386797,0.16110387,-0.3607974,-0.16168612,0.88269264,-0.5304796,0.5028615,0.66109425,-1.1538714,1.3829343,-0.8202319,-0.08404152,0.13192429,-0.24536495,0.05109167,0.027267069,-0.11389354,0.3353785,-0.20904517,0.3279205,0.2577148,-0.5303062,0.7886488,0.19767863,0.6652385,0.17879474,-0.3238513,-1.0404458,0.37683678,-0.07039064,-0.14870325,1.2313783,-0.045803547,-1.4407885,0.47713566,0.7259425,-0.40759,0.23363143,-1.094276,-0.02800423,0.30609164,0.38340148,0.7866622,-0.34135467,-0.2621997,-0.38013515,0.19996975,-1.048668,0.15834993,-0.46263134,1.5876026,-0.028231733,1.1544094
